case,group,n,metric,steps,final_value,baseline_us,proposed_us,paired_speedup,baseline_total_ms,proposed_total_ms,total_speedup,baseline
AES,practical,8,max,6912,7,0.793261574074074,0.07519256365740741,10.549734381824443,5.512111,0.545371,10.107084901837464,peigen
AES,practical,8,min,491,7,2.3693462321792262,0.18672505091649694,12.688957483475493,1.196556,0.118143,10.128031284121784,peigen
CLEFIA_S0,practical,8,max,6912,7,0.7935052083333334,0.07277372685185185,10.903731918920425,5.51621,0.53225,10.363945514325975,peigen
CLEFIA_S0,practical,8,min,491,6,4.6560162932790226,0.17100407331975562,27.22751688243631,2.322518,0.111407,20.847146050068666,peigen
CLEFIA_S1,practical,8,max,6912,7,0.797163917824074,0.07292607060185184,10.931123962187417,5.545949,0.52802,10.503293435854703,peigen
CLEFIA_S1,practical,8,min,491,7,2.366672097759674,0.1751507128309572,13.512203630274772,1.193248,0.113312,10.530641061846937,peigen
MISTY1_FI_key0000,practical,16,max,512,15,89.63752734375,1.095501953125,81.82324740549511,48.493902,3.079438,15.747646810879127,bitwise
MISTY1_FI_key0000,practical,16,min,1,3,2380205.473,111.458,21355.178390066216,4760.770544,2.32741,2045.5229392328813,bitwise
MISTY1_S9,practical,9,max,5248,8,0.5344462652439024,0.0851108993902439,6.279410381899512,2.836797,0.482274,5.882127172520185,bitwise
MISTY1_S9,practical,9,min,138,2,141.9590072463768,0.7839855072463767,181.0735095665034,19.759053,0.143762,137.4428082525285,bitwise
PRESENT,practical,4,max,262144,3,0.06606266021728516,0.01498275375366211,4.409246878340906,17.330609,3.939477,4.399215682690874,peigen
PRESENT,practical,4,min,262144,2,0.034782360076904294,0.015274681091308594,2.277125124183163,9.13246,4.016755,2.273591493631053,peigen
