n,metric,steps,independent_inputs,repeats_per_input,baseline,baseline_us,baseline_us_q1,baseline_us_q3,proposed_us,proposed_us_q1,proposed_us_q3,paired_speedup,paired_speedup_q1,paired_speedup_q3,baseline_total_ms,baseline_total_ms_q1,baseline_total_ms_q3,proposed_total_ms,proposed_total_ms_q1,proposed_total_ms_q3,total_speedup,total_speedup_q1,total_speedup_q3
3,max,262144,10,5,peigen,0.02696586608886719,0.026906466484069823,0.0269881010055542,0.012336311340332032,0.012246734619140625,0.012386590003967284,2.1867774002793006,2.177199630119147,2.195973300982807,7.0815335,7.06543975,7.08655525,3.2461485,3.22376175,3.2593170000000002,2.1823186602318825,2.1727325231960646,2.1923884743520787
3,min,262144,10,5,peigen,0.023794395446777344,0.023766895294189454,0.023807013511657715,0.011629283905029297,0.010571128845214843,0.011706955909729004,2.0453144223733153,2.032712970343181,2.2643115441956425,6.249827,6.242509,6.253860749999999,3.0613465,2.784195,3.0813420000000002,2.0407586652070235,2.0285589441144274,2.258165244033642
4,max,262144,10,5,peigen,0.05068753814697266,0.03533735179901123,0.06606618118286132,0.014265821456909179,0.012769375801086426,0.015865713119506835,3.4260595140385064,2.768421718268489,3.737133185195277,13.3003035,9.27620175,17.3306225,3.7520885,3.3598035,4.17211175,3.4181840501347844,2.7619036535711095,3.7313291490206106
4,min,262144,10,5,peigen,0.03479403877258301,0.03477467155456543,0.03480897998809815,0.011796123504638673,0.011076917648315431,0.012809406280517579,2.9500725094661115,2.7207300913654837,3.1481293859703516,9.134298999999999,9.12841075,9.13798975,3.106541,2.91587525,3.370591,2.9406776892133353,2.7141029587503303,3.139360579455497
5,max,262144,10,5,peigen,0.10030594062805176,0.08687810897827147,0.10227925968170165,0.037644926071167,0.02691227912902832,0.038784406661987306,2.664535263546358,2.564094258493729,2.705032699627627,26.307616,22.788697,26.825751500000003,9.8807145,7.067504,10.18017975,2.6625287094373267,2.561983193151841,2.702681234502361
5,min,262144,10,5,peigen,0.07061525344848632,0.06977298545837401,0.07333318328857422,0.03572734451293945,0.03193865203857422,0.04304431247711182,1.9786474705552741,1.773515066718756,2.1720060815148354,18.524635000000004,18.3057175,19.23733975,9.380874,8.38979825,11.29921325,1.976903670313952,1.7724215431006956,2.1700395648146635
6,max,17536,10,5,peigen,0.12009369297445255,0.11966960823448905,0.12038409557481751,0.042693059990875915,0.042332116788321175,0.043116046989051096,2.80295624429911,2.7858856917875903,2.8347115094515174,2.120602,2.11474075,2.1256185,0.7625375,0.75580475,0.7705335,2.7716512807624767,2.7539759963333648,2.8031244587780333
6,min,5699,10,5,peigen,0.151172486401123,0.15035848394455167,0.15280369363046148,0.07345885243025092,0.058028908580452704,0.07948714686787156,2.0502120129558508,1.916889787197103,2.6156082700734657,0.8769625,0.871908,0.88578275,0.433111,0.34515325,0.4671525,2.0150231617978367,1.8865332472977505,2.5509954791502927
7,max,10240,10,5,peigen,0.54344423828125,0.5427572509765625,0.5442380371093749,0.058728955078125006,0.0584968017578125,0.0589189453125,9.263000214018092,9.236510006657692,9.309049326503633,5.5810165000000005,5.57370375,5.5888845,0.6167455,0.6141997499999999,0.61763025,9.064260500509139,9.034503439089335,9.082313430403728
7,min,768,10,5,peigen,1.2567858072916667,1.2547916666666667,1.2648307291666667,0.11208789062499999,0.09840104166666667,0.12958626302083331,11.282244361345553,9.748082869062568,12.795527429300904,0.982972,0.98106025,0.98952025,0.102522,0.09098075,0.11510324999999999,9.62455217991829,8.581231861684005,10.827766153692707
8,max,6912,10,5,peigen,0.7946775896990741,0.7929701605902778,0.7964482060185185,0.07306459780092592,0.07096115451388889,0.07322844328703704,10.903938299132555,10.829359734905372,11.171085174066294,5.523502499999999,5.51104425,5.5362997499999995,0.5292735,0.5178247500000001,0.53211275,10.44070551494162,10.38500097137253,10.635753552696402
8,min,491,10,5,peigen,2.3747556008146637,2.371402749490835,2.3828508146639513,0.1635050916496945,0.14701985743380852,0.16835183299389003,14.509797826624762,14.168472995740029,16.178976734905376,1.2000985,1.1983774999999999,1.2085515,0.1061555,0.0994725,0.1081455,11.34196406346587,11.112718662538512,12.106453295783286
9,max,5248,10,5,bitwise,0.5401156631097561,0.5389190644054878,0.541389434070122,0.08803972942073171,0.087646484375,0.08999795160060975,6.142989083577165,5.979284812386392,6.1766245741199794,2.862792,2.85640825,2.8682222499999996,0.4926585,0.49046375,0.50436075,5.822065898759474,5.657977656914763,5.837682229505486
9,min,138,10,5,bitwise,3.596536231884058,3.5473297101449273,3.616001811594203,0.3528079710144928,0.34541666666666665,0.3597409420289855,10.172380196782928,10.017454367920458,10.314186497657856,0.5324709999999999,0.523468,0.5334055,0.08161399999999999,0.080248,0.08300725,6.507997532330453,6.411943240783195,6.54633047598222
10,max,1920,10,5,bitwise,1.0097820312499999,1.0082305989583333,1.0106045572916666,0.11857630208333333,0.11580937499999999,0.1205625,8.50767854786518,8.389999484252252,8.710494777851805,1.9831889999999999,1.98155525,1.9864845,0.2718935,0.263409,0.27462525,7.285474010662668,7.233671699884845,7.5302094874389915
10,min,71,10,5,bitwise,11.627859154929578,11.205091549295775,12.047859154929577,0.5185140845070423,0.5045915492957747,0.5340492957746479,22.476481457960563,22.10624231588555,22.920008691951505,0.88497,0.8537735,0.9099415,0.0841645,0.0824535,0.0858155,10.59113087266952,10.010660759281823,10.850064891293975
11,max,1536,10,5,bitwise,2.034654296875,2.0323328450520832,2.0357508138020832,0.15178971354166668,0.15030550130208334,0.15709293619791667,13.409888309148219,12.953152227089987,13.522867750761284,3.1935725,3.1913495000000003,3.1972305,0.30433849999999996,0.301049,0.310042,10.4991884197403,10.300019628232306,10.613529396077631
11,min,45,10,5,bitwise,37.20354444444445,36.90413888888889,37.601127777777776,0.9944111111111111,0.9892333333333334,1.0053166666666666,37.48941075686625,36.53299417716608,37.698850228936784,1.781954,1.76945475,1.7990955,0.11916,0.11837824999999999,0.12109975,14.909871562160273,14.604517520861117,15.222653747116034
12,max,1152,10,5,bitwise,4.156196180555556,4.153696614583334,4.157749348958333,0.2142756076388889,0.20873546006944443,0.21940494791666668,19.39534425367378,18.94390942817933,19.945547992051566,4.916971500000001,4.91355575,4.9180582500000005,0.37407,0.367795,0.3784295,13.13817078358095,12.99319882197974,13.383093897107457
12,min,21,10,5,bitwise,130.31504761904762,129.5482619047619,131.4530357142857,2.157809523809524,2.154,2.1857976190476194,60.29966397433124,59.54673356566046,60.65393969943169,3.003833,2.9854615,3.0254515,0.18384,0.18242675,0.184962,16.348604538208072,16.14155509765142,16.62198506110503
13,max,1664,10,5,bitwise,8.978672475961538,8.946477914663461,8.993978365384615,0.2934609375,0.28853635817307693,0.30656174879807696,30.717625420373707,29.309431905241112,31.10064765178553,15.1734995,15.1171665,15.198433000000001,0.710047,0.70317525,0.73825425,21.454388244373376,20.56452677104409,21.53237355193589
13,min,5,10,5,bitwise,483.5578,482.5629,491.851,4.5344999999999995,4.504899999999999,4.549049999999999,107.03613336791051,106.03168008041368,108.53806063978172,3.1301755,3.1267152499999997,3.1699070000000003,0.26956800000000003,0.2674105,0.271901,11.701012907863387,11.533330123639512,11.784494673304925
14,max,1152,10,5,bitwise,19.055924479166666,19.04932964409722,19.090809244791664,0.44171137152777773,0.42571875,0.45417968750000004,43.199477410490985,41.94353729496627,44.77407553617091,22.401778999999998,22.39303625,22.4389665,0.942764,0.924086,0.95659575,23.817875757745647,23.395113165399728,24.24700070184101
14,min,5,10,5,bitwise,1825.7543,1809.18565,1845.80465,9.422699999999999,9.39525,9.4438,194.29429932684036,191.79746180020675,195.71288548836662,11.415613,11.334909,11.54000625,0.526572,0.52418425,0.527773,21.784516917981584,21.587899092140553,21.915197065723408
15,max,768,10,5,bitwise,41.30496549479167,41.24421419270834,41.37612630208333,0.6744296875,0.6535777994791667,0.7094104817708333,61.28071476501985,58.10402580149622,63.0989141676004,32.690872999999996,32.648696,32.750327750000004,1.4530785000000002,1.4303919999999999,1.47753275,22.506922945342723,22.096981733221632,22.818802957621614
15,min,3,10,5,bitwise,7548.216666666666,7419.6762499999995,7766.969083333333,20.828000000000003,20.811333333333334,20.859916666666667,361.5028425593042,357.12124702115455,369.81692818319704,31.1115615,30.619844999999998,32.0169675,1.0900045,1.0883835,1.09074875,28.545751693969606,28.10875546689738,29.36817977509449
16,max,512,10,5,bitwise,88.755890625,88.72724072265625,88.83941015625,1.0574833984375,0.98837841796875,1.10008837890625,83.89854403452733,80.68750211937503,89.88625604093546,47.4686985,47.448146,47.50615575,2.4880565,2.4471965,2.50061775,19.066083383837274,18.976390635531192,19.399986632423843
16,min,1,10,5,bitwise,30651.985,30366.084,31496.63775,42.9345,42.8515,43.036500000000004,714.0409500463591,707.5692360393705,733.1169687761405,63.183289,62.4385555,64.77059925,2.1902735,2.18456675,2.1940712500000004,28.860656196496006,28.442506587199723,29.653701825053595
17,max,512,10,5,bitwise,195.851228515625,195.80999951171876,196.0018193359375,1.2555888671875,1.2217500000000001,1.3499228515625,156.06111112183387,145.35467947363009,160.2646957454799,104.5650495,104.54683625,104.62850775,4.7678215,4.748068,4.80345375,21.94327056109042,21.80558022226755,22.016902623543555
17,min,1,10,5,bitwise,117309.304,117174.6375,117606.89175000001,187.11200000000002,185.677,189.18275,627.7461167149218,621.6621499129619,634.4494387140703,238.79431399999999,238.57809,238.98143875,5.0685614999999995,5.06007225,5.075847749999999,47.098810235863795,47.027382532403244,47.171204976212465
18,max,512,10,5,bitwise,425.4264375,425.04507666015627,425.79934667968746,2.1944873046874998,2.1048945312500003,2.244314453125,193.63966701059897,189.54385293544362,202.1685155609342,226.616464,226.4431975,226.84331175,9.619136000000001,9.57013775,9.6516205,23.587682008233013,23.46511032405506,23.6646620609487
18,min,1,10,5,bitwise,472461.805,471367.22525,472830.12025000004,410.4385,408.85024999999996,413.00275,1150.682743676232,1144.7244028577798,1155.1601857890996,953.3501635,950.48525625,954.0257865,10.4614785,10.43060975,10.47461075,91.15732193550441,90.75926774619788,91.4461479107373
19,max,512,10,5,bitwise,944.4761943359375,944.2151928710938,944.9822260742187,3.4675859375,3.00440087890625,3.69372509765625,272.55130030986396,255.67281140615623,314.5527629881016,502.09252849999996,501.99692375,502.36713025,19.596882,19.32850575,19.64424675,25.637874287362038,25.55384679246983,25.983782583033054
19,min,1,10,5,bitwise,1876363.3765,1872205.64775,1877154.70425,894.803,892.4255,897.996,2101.712548116167,2088.339888695454,2103.6913869007585,3770.3570875,3761.4711825,3771.55354275,21.901412999999998,21.8631515,21.9476735,172.3038677926861,171.49120327406288,172.5658421280995
