n,metric,steps,independent_inputs,repeats_per_input,baseline,baseline_us,baseline_us_q1,baseline_us_q3,proposed_us,proposed_us_q1,proposed_us_q3,paired_speedup,paired_speedup_q1,paired_speedup_q3,baseline_total_ms,baseline_total_ms_q1,baseline_total_ms_q3,proposed_total_ms,proposed_total_ms_q1,proposed_total_ms_q3,total_speedup,total_speedup_q1,total_speedup_q3
3,max,15744,10,5,peigen,0.029197757876016257,0.028240043826219516,0.02954544588414634,0.012569518546747968,0.01209884717987805,0.01286105818089431,2.3213411485169466,2.3079647861102064,2.32880978404959,0.4711875,0.45374975,0.47501175,0.206591,0.199288,0.21208025,2.2716441474767493,2.2454021744414834,2.284677823805602
3,min,27413,10,5,peigen,0.03479761427060154,0.03477673001860431,0.03481740415131507,0.021772042461605808,0.020951774705431726,0.022308649181045487,1.601489379477909,1.5593697589255144,1.6627496839245675,0.9637405,0.96250225,0.9645195,0.606334,0.5833794999999999,0.62035175,1.5915570901274283,1.5537373475842953,1.6522956635786765
3,spectrum,20864,10,5,peigen,0.05050479294478528,0.05044495302914111,0.05060732601610429,0.02745969133435583,0.027133387653374235,0.02767155147622699,1.843364635430932,1.8248097396007952,1.8661721567027236,1.064626,1.06232325,1.066147,0.5821405,0.57512675,0.5861625,1.8306857956115383,1.8146093804704457,1.851951477222664
4,max,23808,10,5,peigen,0.0675480720766129,0.04097260374663979,0.07517477318548388,0.018473118279569895,0.013592689432123656,0.021348307291666667,3.2542460966185116,2.9928585460741477,3.532546745441606,1.621064,0.98608875,1.80129825,0.44873399999999997,0.332646,0.517284,3.2180980200632945,2.9418645286877987,3.4934497794406796
4,min,9594,10,5,peigen,0.048765999583072754,0.048701427975818216,0.04881027204502815,0.03770241817802794,0.033179487179487176,0.0437960965186575,1.3001603087191973,1.117986014621417,1.4694539546541487,0.4787575,0.47754725,0.47959025,0.3710385,0.32744375000000003,0.4294565,1.2954272122894053,1.1182927336884134,1.4572539627425558
4,spectrum,15872,10,5,peigen,0.061320249495967746,0.06106757182459677,0.061672079763104834,0.06346679687500001,0.0445420394405242,0.06646317414314516,0.9677271190331787,0.927325695475798,1.3739889172642594,0.9834735,0.97880125,0.98911875,1.0166115,0.716148,1.0642225,0.9696003528982573,0.9284334003728146,1.3697577546882391
5,max,20096,10,5,peigen,0.09344578523089173,0.08751991689888536,0.09451673218550954,0.03952293988853503,0.031587193968949046,0.03994225218949045,2.404234375901437,2.3384230545158537,2.5304798893001057,1.8881549999999998,1.76902875,1.90911375,0.8038255,0.6444625,0.81227125,2.3886874804048928,2.3235107632103604,2.509218664118475
5,min,10649,10,5,peigen,0.08853577800732462,0.08793637900272326,0.08966625974269885,0.0576015588318152,0.05216104798572636,0.06826380411306227,1.5516182934316884,1.39712369864987,1.6939014322344885,0.9540900000000001,0.94715375,0.9696305,0.623062,0.56507825,0.73659875,1.546416615551641,1.3961872358469374,1.6827779588433458
5,spectrum,3200,10,5,peigen,0.30195046875,0.300675546875,0.30384359375,0.0983325,0.0967984375,0.10001359375,3.059990980061105,3.021830163012222,3.151248471055517,0.977824,0.973141,0.9833645,0.3246325,0.319748,0.329708,3.0018140115201746,2.9641829359594105,3.0925887110324792
6,max,17536,10,5,peigen,0.11409044251824818,0.11353016651459855,0.11440797502281022,0.04131355497262773,0.040957872376824814,0.04152306683394161,2.755393779883284,2.731248578613971,2.784746025588949,2.0118780000000003,2.00112375,2.018318,0.734934,0.7285762499999999,0.738295,2.730519602889313,2.7086100904771837,2.760017734274801
6,min,5699,10,5,peigen,0.16910089489384103,0.16788502368836639,0.16975188629584137,0.09347288998069837,0.07882922442533778,0.10222767152131952,1.8215348461534906,1.6397880489044578,2.143280913181324,0.975516,0.970606,0.980616,0.5433604999999999,0.460391,0.5930920000000001,1.8121405183028652,1.6304556547700226,2.1178542548216495
6,spectrum,4096,10,5,peigen,0.5256450195312501,0.5233425903320312,0.5292856445312499,0.09697387695312501,0.0966357421875,0.0975985107421875,5.430114267851902,5.4043646566011505,5.462980947555096,2.1659265,2.1551985,2.18166175,0.4086615,0.40709125,0.41139825,5.307711461269511,5.2852397638607576,5.3485081454835495
7,max,10240,10,5,peigen,0.535734765625,0.53563994140625,0.5360261962890625,0.053699169921875,0.05351923828125,0.05393740234375,9.975915781366751,9.936426027609922,10.012617812565493,5.501906,5.50033325,5.50360375,0.5614745000000001,0.55919825,0.5637257499999999,9.797780812554802,9.758976444027832,9.838718254479293
7,min,768,10,5,peigen,1.291134765625,1.2848190104166668,1.2941080729166667,0.138765625,0.12728808593750002,0.1604287109375,9.31659829121671,8.040091086505742,10.153469037348188,1.007941,1.0034285,1.01103325,0.120209,0.11171475,0.13714674999999998,8.384028138297005,7.3500783147958115,8.984852741281113
7,spectrum,1408,10,5,peigen,1.8975667613636364,1.895497159090909,1.904163884943182,0.18262571022727275,0.18173384232954545,0.18398366477272726,10.411613627061495,10.302572428919419,10.45562240329054,2.6862760000000003,2.6833195,2.69610275,0.27387649999999997,0.27207625,0.27567725,9.815179161775164,9.751413311232579,9.899832209352219
8,max,6912,10,5,peigen,0.8523075086805556,0.8510652850115741,0.8525572554976852,0.06872649016203704,0.06659215856481482,0.06912395109953703,12.403671222141366,12.293996978468426,12.811618681455132,5.9127345,5.90361575,5.916682,0.490757,0.47627025,0.4958825,12.054305009713389,11.89457180226931,12.427141142699885
8,min,491,10,5,peigen,2.497161914460285,2.491762219959267,2.500255091649694,0.23422097759674132,0.23216446028513238,0.2396206720977597,10.662630920488214,10.410876158209595,10.79314464094582,1.2486385,1.2458255,1.2519315,0.129331,0.128434,0.13218525,9.650212359653398,9.445193710908555,9.736951868503768
8,spectrum,640,10,5,peigen,3.61860625,3.5996249999999996,3.63283359375,0.33322890625,0.33109414062500003,0.336409375,10.854277905809171,10.737947149165057,10.896994626801343,2.3418324999999998,2.32862225,2.350628,0.2374765,0.236205,0.23978675,9.844083017297713,9.762365584166151,9.8844196469685
9,max,5248,10,5,bitwise,0.5461183307926829,0.5450125762195122,0.5477950171493903,0.08488576600609757,0.08469693216463414,0.0871492949695122,6.411251483446566,6.262015160355218,6.451438939636153,2.8860409999999996,2.8803255,2.89475325,0.465062,0.46430525,0.477065,6.180064675521203,6.045127283551083,6.2202768474753505
9,min,138,10,5,bitwise,7.938764492753624,7.910507246376811,7.974478260869565,0.4346702898550725,0.4311286231884058,0.4478894927536232,18.108499338354598,17.653221623474934,18.521255001551452,1.1230625,1.11983625,1.1282610000000002,0.07878750000000001,0.07789125,0.080431,14.21308031072557,13.907138752130198,14.476441764322814
9,spectrum,256,10,5,bitwise,6.4371953125,6.4165029296875,6.480240234375,0.65301953125,0.6295937500000001,0.6663759765624999,9.770405218589364,9.684556884588691,10.220387617097568,1.673732,1.6682345,1.68501525,0.21714899999999998,0.21353350000000001,0.2206155,7.641751165986974,7.6167960232502505,7.837436837454788
10,max,1920,10,5,bitwise,1.0104260416666666,1.0091479166666666,1.0113119791666667,0.11174166666666666,0.1110234375,0.11369192708333334,9.015915954555396,8.888519094469883,9.118264278100582,1.9719419999999999,1.97001825,1.9730794999999999,0.2460675,0.24475825,0.249774,7.999222347842066,7.8961027557406815,8.069147992627968
10,min,71,10,5,bitwise,21.41549295774648,21.280845070422536,21.725535211267605,0.8277746478873239,0.8209295774647888,0.8334788732394366,25.947314465912086,25.83548702121144,26.20608912561174,1.566687,1.5575562500000002,1.58946675,0.081374,0.08114475,0.08196575,19.26143581578068,19.21959061802248,19.440876084575166
10,spectrum,128,10,5,bitwise,16.6045390625,16.554521484375,16.717927734375,1.40099609375,1.367904296875,1.4531015624999999,11.879334127677726,11.486370947753343,12.1752540062322,2.173287,2.1656265,2.1877125,0.3197185,0.31518425,0.32596674999999997,6.803968675889365,6.696204191548554,6.905882730007314
11,max,1536,10,5,bitwise,2.036648763020833,2.035222493489583,2.038147786458333,0.14326595052083335,0.1391336263020833,0.14536523437499999,14.223331221075355,14.025634071586463,14.632403983015257,3.1875055000000003,3.1853569999999998,3.18919075,0.27707499999999996,0.27423549999999997,0.280456,11.51904282437929,11.37224822007455,11.616785753784619
11,min,45,10,5,bitwise,57.42093333333333,56.9101,57.62768888888889,1.5959333333333334,1.5877999999999999,1.6301722222222221,35.683898513727556,35.3898337970997,36.29388141456525,2.682245,2.6593855,2.69143725,0.1111985,0.110527,0.11279175,24.117923943719386,23.736765291165238,24.262882008329388
11,spectrum,128,10,5,bitwise,43.6581640625,43.4968515625,44.04966015625,3.3116015625,3.26729296875,3.4393671875,13.264367448166933,12.647827329049548,13.388275527581888,5.691615,5.6678447499999995,5.7399625,0.873212,0.867575,0.89234425,6.533266702316466,6.427778824943616,6.583754287801078
12,max,1152,10,5,bitwise,4.153806423611112,4.151339626736111,4.161096137152779,0.19403168402777776,0.1905405815972222,0.19687413194444445,21.46190051641788,21.089394433316794,21.791751937472473,4.894756,4.89139425,4.9033827500000005,0.333271,0.3301635,0.338528,14.704722034494747,14.452860198294282,14.84764966347247
12,min,21,10,5,bitwise,170.95183333333335,169.7440119047619,171.7925119047619,3.1752619047619044,3.16925,3.201107142857143,53.70483500920824,53.4120357185147,54.009259939402,3.8266590000000003,3.808372,3.85455475,0.1363915,0.1358375,0.13741025,27.995151534116303,27.917482454069287,28.194882614356786
12,spectrum,128,10,5,bitwise,133.23740625,132.95674609375,133.88362109374998,10.3584765625,10.089755859375,10.902714843750001,12.838455008315329,12.38270140486171,13.239272509134926,17.3109325,17.270187749999998,17.38725575,2.878172,2.83850025,2.9428465,6.000528196887817,5.924219074045193,6.113162088590182
13,max,1664,10,5,bitwise,8.804368088942308,8.80067127403846,8.814483173076923,0.26470522836538457,0.2594116586538462,0.27313356370192304,33.273985231412766,32.221591371191366,33.97042822633082,14.860797,14.854924,14.87802975,0.645752,0.63739325,0.6592979999999999,22.98644852689466,22.54773882771083,23.342066081293936
13,min,5,10,5,bitwise,538.6369,535.20475,545.8890000000001,7.0062999999999995,6.987699999999999,7.036899999999999,76.94147697446147,76.36541360552772,77.07503307696206,3.3385805,3.3162052500000003,3.37656625,0.15274500000000002,0.152026,0.153229,21.940633247603074,21.7656824508437,22.237514969775134
13,spectrum,128,10,5,bitwise,460.1741171875,459.81279296875005,461.05201953125,39.88270703125,38.115794921875,42.361212890625,11.517365821203214,10.878027420407777,12.065654149227512,59.56989,59.522807,59.68443375,10.9611585,10.690983,11.2617265,5.4272635274455645,5.293713321093225,5.57961250035902
14,max,1152,10,5,bitwise,19.107305555555556,19.103877604166666,19.11265581597222,0.38423567708333334,0.3712983940972222,0.39823415798611106,49.76646023234694,47.91990923769289,51.50803223401972,22.4463485,22.44385475,22.455675499999998,0.8623715000000001,0.8521495,0.8764425,26.038532974428996,25.566489572839316,26.404947893233086
14,min,5,10,5,bitwise,1845.7565,1823.57665,1852.84775,14.0367,13.9738,14.09625,131.20897495436444,128.84614443196654,132.2148079682341,11.281794,11.1210195,11.3373175,0.2956615,0.2945795,0.29611,38.11004825926983,37.68480996680819,38.29145583107953
14,spectrum,128,10,5,bitwise,1726.86645703125,1717.699046875,1733.0292792968748,276.61084765625003,265.36577343749997,301.82090234375,6.2402790217841115,5.682657258618772,6.52981440591477,223.204682,221.98749049999998,223.98091525,58.69357,56.92346725,61.6837475,3.7975611967522847,3.5929053366314347,3.9335609082513523
15,max,768,10,5,bitwise,41.65405598958334,41.60962141927084,41.67414680989583,0.5924622395833333,0.5715878906249999,0.6240289713541667,70.29813880524989,66.69960958932191,72.94515080417666,32.9353895,32.9023775,32.956320250000005,1.3658199999999998,1.35424675,1.39025175,24.11102029687808,23.684036805458692,24.34415763392137
15,min,3,10,5,bitwise,7028.252,6934.012583333333,7329.30275,29.904333333333334,29.87125,29.95125,234.85286711989943,231.8327693991041,244.9814578759101,28.5396035,28.16185125,29.7617975,0.5787180000000001,0.5771585,0.5815685,49.33886919544733,48.3831080890082,51.746828165312415
15,spectrum,128,10,5,bitwise,6538.51859375,6498.011423828125,6584.39405078125,1166.4929687499998,1090.4575625,1212.38873828125,5.610213540411673,5.352370833537066,6.006969212749404,844.4067675,839.076217,850.2591255,240.248177,230.55252975000002,246.60901275,3.516912997485836,3.3979390549755273,3.6723855221293102
16,max,512,10,5,bitwise,88.9277509765625,88.81102685546875,89.001671875,0.9258984375,0.8634404296875,0.9554970703125,96.07420685793892,93.01171021666707,102.92918855450125,47.5044905,47.463632000000004,47.55439675,2.396908,2.38056,2.4216509999999998,19.817513395272147,19.601457533327512,19.943799494891845
16,min,1,10,5,bitwise,27548.381999999998,26604.76525,27924.81175,61.543000000000006,61.402,61.5805,448.28862044695126,432.0324063533204,453.76253202477426,56.0527075,54.10404,56.65998725,1.0881945,1.0856615,1.09456,51.704228399619055,49.614697055147886,52.16870881502906
16,spectrum,128,10,5,bitwise,25904.63570703125,25655.19769140625,26496.33753125,4029.5565976562502,3736.71373828125,4096.3073125,6.792610036118704,6.326013169610125,7.158379348135359,3343.6183125,3311.3833495,3419.90566625,872.692941,835.06820875,880.9987205,3.980129684482015,3.78720098913889,4.188781919014175
17,max,512,10,5,bitwise,203.60888867187498,203.32638232421877,203.853416015625,1.0782919921874998,1.04901904296875,1.1753935546875,188.65491428980766,173.34187372374632,193.9282136335595,108.581351,108.41273100000001,108.67050825,4.7004035,4.6799142499999995,4.740715,23.059964727786145,22.935325401590873,23.205623225862443
17,min,1,10,5,bitwise,179862.6085,179690.25425,179933.05599999998,220.945,220.20825000000002,223.163,813.6535277969347,806.1990017376884,816.0899044941273,361.53752199999997,361.43338525,361.77272899999997,2.638001,2.636537,2.6482667500000003,137.00088631700754,136.57042183174624,137.08461405753954
17,spectrum,128,10,5,bitwise,102412.2498359375,102150.41588671875,103099.52516015625,11606.2095625,11030.29086328125,12459.008421875002,8.827563880745245,8.211425013687933,9.336709188963706,13215.224516499999,13181.35035,13303.59317375,2855.5055494999997,2783.92212175,2967.4155929999997,4.625207939462275,4.4460937401832155,4.7657108061262665
18,max,512,10,5,bitwise,440.8538193359375,440.3742568359375,441.124654296875,1.9211162109375,1.82907275390625,1.950259765625,229.4581385298556,226.1603110034589,240.9618827142455,234.5220245,234.28567725,234.67192375,9.467862,9.4296425,9.500585000000001,24.773375442934515,24.695419653597515,24.85198650806788
18,min,1,10,5,bitwise,709265.8315000001,708734.4172499999,709405.34725,488.318,482.40425000000005,490.88575000000003,1452.0555249847525,1444.8009291776407,1470.5451721870186,1422.3679379999999,1421.6213595,1422.6848707499998,5.3512925,5.3285685,5.3729575,265.6951300828872,264.4881821058194,266.9599529511081
18,spectrum,128,10,5,bitwise,448180.0148867187,446365.31404882815,448505.02676953125,39867.28974609375,38854.98680078125,42713.59294921876,11.24690715487037,10.48617345969517,11.485183095969948,57823.7059305,57589.064100999996,57865.379637499995,10522.8604835,10382.4747805,10880.5158015,5.497504450432285,5.310073472423373,5.545348511708033
19,max,512,10,5,bitwise,975.26362109375,975.1308559570313,975.6608203125,3.05309375,2.6540639648437496,3.20100634765625,319.37974519042746,304.7978101862651,367.520706362524,517.875272,517.7844022500001,518.02195325,19.404603,19.26242125,19.534167999999998,26.674639278528222,26.52143522059754,26.90647480584582
19,min,1,10,5,bitwise,2819272.3535,2816766.25025,2820383.15125,1032.8600000000001,1031.54725,1034.65525,2728.085657682224,2724.9261403476103,2733.665392714243,5645.595539,5640.6413565,5648.561446,11.1768025,11.120621,11.2020095,505.4305202591112,503.6389067819607,507.61382687129947
19,spectrum,128,10,5,bitwise,1780605.1580546875,1779305.0762558593,1782117.9259179686,116330.33328515626,103030.79049414063,122127.23763867188,15.29043887911876,14.67379268032038,17.300526863339023,229714.46500650002,229548.18359875,229909.13750825,36411.021529000005,34708.91934275,37118.540205,6.301168521998339,6.228148839531502,6.623718416288116
