case,n,metric,method,steps,group,repeats,initial_value,final_value,accepted,final_box_hash,final_histogram,kernel_us_per_step,repeat_q1_us,repeat_q3_us,context_ms,init_ms,kernel_ms,total_ms
AES,8,max,peigen,32640,practical,5,7,7,0,16636583510454055501,"[0, 0, 0, 0, 0, 0, 0, 255, 0, 0, 0, 0, 0, 0, 0, 0, 0]",0.8592241421568627,0.8586857230392156,0.8625210477941176,0.012539,0.00882,28.045076,28.065684
AES,8,max,proposed,32640,practical,5,7,7,0,16636583510454055501,"[0, 0, 0, 0, 0, 0, 0, 255, 0, 0, 0, 0, 0, 0, 0, 0, 0]",0.09684332107843137,0.09651513480392157,0.09686335784313725,0.012288,0.003468,3.160966,3.176312
AES,8,min,peigen,32640,practical,5,7,7,0,16636583510454055501,"[0, 0, 0, 0, 0, 0, 0, 255, 0, 0, 0, 0, 0, 0, 0, 0, 0]",3.122264522058823,3.121073069852941,3.124907598039216,0.012359,0.011316,101.910714,101.934328
AES,8,min,proposed,32640,practical,5,7,7,0,16636583510454055501,"[0, 0, 0, 0, 0, 0, 0, 255, 0, 0, 0, 0, 0, 0, 0, 0, 0]",0.23283728553921568,0.23067215073529412,0.23358995098039215,0.012408,0.00402,7.599809,7.616217
AES,8,spectrum,peigen,32640,practical,5,1785,1785,0,16636583510454055501,"[0, 0, 0, 0, 0, 0, 0, 255, 0, 0, 0, 0, 0, 0, 0, 0, 0]",3.366216544117647,3.366153890931373,3.382728400735294,0.01255,0.012088,109.873308,109.898045
AES,8,spectrum,proposed,32640,practical,5,1785,1785,0,16636583510454055501,"[0, 0, 0, 0, 0, 0, 0, 255, 0, 0, 0, 0, 0, 0, 0, 0, 0]",0.37135625,0.3700173406862745,0.37367545955882353,0.012459,0.011897,12.121068,12.151739
CLEFIA_S0,8,max,peigen,32641,practical,5,6,7,1,11499459745366076993,"[0, 0, 0, 0, 0, 0, 127, 128, 0, 0, 0, 0, 0, 0, 0, 0, 0]",0.8828785576422291,0.876395913115407,0.8852189577525198,0.012329,0.00849,28.818039,28.841203
CLEFIA_S0,8,max,proposed,32641,practical,5,6,7,1,11499459745366076993,"[0, 0, 0, 0, 0, 0, 127, 128, 0, 0, 0, 0, 0, 0, 0, 0, 0]",0.08885726540240801,0.08856588339818021,0.08900183817897736,0.012358,0.003459,2.90039,2.916367
CLEFIA_S0,8,min,peigen,32640,practical,5,6,6,0,3159390917197768285,"[0, 0, 0, 0, 0, 0, 255, 0, 0, 0, 0, 0, 0, 0, 0, 0, 0]",4.429999846813725,4.426242524509804,4.432278125,0.012369,0.014143,144.595195,144.621416
CLEFIA_S0,8,min,proposed,32640,practical,5,6,6,0,3159390917197768285,"[0, 0, 0, 0, 0, 0, 255, 0, 0, 0, 0, 0, 0, 0, 0, 0, 0]",0.3406621629901961,0.3405422181372549,0.3410432598039216,0.012378,0.00424,11.119213,11.136042
CLEFIA_S0,8,spectrum,peigen,32899,practical,5,1530,1785,8,3357462115665686997,"[0, 0, 0, 0, 0, 0, 0, 255, 0, 0, 0, 0, 0, 0, 0, 0, 0]",3.3085524484026867,3.3026789872032585,3.3133506489558955,0.012529,0.014484,108.848067,108.875812
CLEFIA_S0,8,spectrum,proposed,32899,practical,5,1530,1785,8,3357462115665686997,"[0, 0, 0, 0, 0, 0, 0, 255, 0, 0, 0, 0, 0, 0, 0, 0, 0]",0.37996829690872064,0.37980196966473145,0.38016377397489287,0.012479,0.012549,12.500577,12.526448
CLEFIA_S1,8,max,peigen,32640,practical,5,7,7,0,15570690943541220489,"[0, 0, 0, 0, 0, 0, 0, 255, 0, 0, 0, 0, 0, 0, 0, 0, 0]",0.8712982536764706,0.8702683517156863,0.8719970281862746,0.012328,0.009422,28.439175,28.461406
CLEFIA_S1,8,max,proposed,32640,practical,5,7,7,0,15570690943541220489,"[0, 0, 0, 0, 0, 0, 0, 255, 0, 0, 0, 0, 0, 0, 0, 0, 0]",0.09569819240196079,0.09545594362745098,0.09589883578431373,0.012498,0.003437,3.123589,3.139386
CLEFIA_S1,8,min,peigen,32640,practical,5,7,7,0,15570690943541220489,"[0, 0, 0, 0, 0, 0, 0, 255, 0, 0, 0, 0, 0, 0, 0, 0, 0]",2.753953768382353,2.7486299632352944,2.7710719975490194,0.012409,0.010805,89.889051,89.912265
CLEFIA_S1,8,min,proposed,32640,practical,5,7,7,0,15570690943541220489,"[0, 0, 0, 0, 0, 0, 0, 255, 0, 0, 0, 0, 0, 0, 0, 0, 0]",0.22450254289215688,0.22442696078431373,0.22546669730392158,0.012459,0.004069,7.327763,7.344171
CLEFIA_S1,8,spectrum,peigen,32640,practical,5,1785,1785,0,15570690943541220489,"[0, 0, 0, 0, 0, 0, 0, 255, 0, 0, 0, 0, 0, 0, 0, 0, 0]",2.937226807598039,2.936086611519608,2.9421892769607845,0.012459,0.012208,95.871083,95.894919
CLEFIA_S1,8,spectrum,proposed,32640,practical,5,1785,1785,0,15570690943541220489,"[0, 0, 0, 0, 0, 0, 0, 255, 0, 0, 0, 0, 0, 0, 0, 0, 0]",0.33548814338235294,0.33539160539215684,0.40258054534313725,0.012449,0.011898,10.950333,10.97469
identity_n08,8,max,peigen,32641,search_control,5,1,7,1,14077415320540185759,"[0, 127, 0, 0, 0, 0, 0, 128, 0, 0, 0, 0, 0, 0, 0, 0, 0]",1.4677698599920346,1.467481235256273,1.4691599828436628,0.012188,0.009603,47.909476,47.931457
identity_n08,8,max,proposed,32641,search_control,5,1,7,1,14077415320540185759,"[0, 127, 0, 0, 0, 0, 0, 128, 0, 0, 0, 0, 0, 0, 0, 0, 0]",0.05997423485800067,0.0597944303176986,0.060162219294752,0.012589,0.003689,1.957619,1.973757
identity_n08,8,min,peigen,32640,search_control,5,1,1,0,4774620800949106213,"[0, 255, 0, 0, 0, 0, 0, 0, 0, 0, 0, 0, 0, 0, 0, 0, 0]",24.52341038602941,24.519614399509802,24.528121476715686,0.012429,0.055719,800.444115,800.512454
identity_n08,8,min,proposed,32640,search_control,5,1,1,0,4774620800949106213,"[0, 255, 0, 0, 0, 0, 0, 0, 0, 0, 0, 0, 0, 0, 0, 0, 0]",0.6613925857843137,0.6609273284313726,0.6622585171568627,0.012248,0.00419,21.587854,21.603971
identity_n08,8,spectrum,peigen,32895,search_control,5,255,1785,8,5688707010986299275,"[0, 0, 0, 0, 0, 0, 0, 255, 0, 0, 0, 0, 0, 0, 0, 0, 0]",2.8764948168414652,2.875588508891929,2.8832092415260675,0.012358,0.051961,94.622297,94.686646
identity_n08,8,spectrum,proposed,32895,search_control,5,255,1785,8,5688707010986299275,"[0, 0, 0, 0, 0, 0, 0, 255, 0, 0, 0, 0, 0, 0, 0, 0, 0]",0.3395555251557988,0.3383896336829305,0.34004635962912294,0.012388,0.013912,11.169679,11.19597
random_n08_00,8,max,peigen,32640,random,5,7,7,0,14302216915676772393,"[0, 0, 0, 0, 0, 0, 1, 254, 0, 0, 0, 0, 0, 0, 0, 0, 0]",0.8677427083333333,0.8673521446078432,0.8726908088235295,0.012379,0.009332,28.323122,28.342006
random_n08_00,8,max,proposed,32640,random,5,7,7,0,14302216915676772393,"[0, 0, 0, 0, 0, 0, 1, 254, 0, 0, 0, 0, 0, 0, 0, 0, 0]",0.09594224877450981,0.09583011642156863,0.0959982230392157,0.012429,0.003428,3.131555,3.147382
random_n08_00,8,min,peigen,32642,random,5,6,7,1,2112979655003024393,"[0, 0, 0, 0, 0, 0, 0, 255, 0, 0, 0, 0, 0, 0, 0, 0, 0]",2.9184206237362904,2.9183439740212,2.9218069664848967,0.012379,0.013081,95.263086,95.288606
random_n08_00,8,min,proposed,32642,random,5,6,7,1,2112979655003024393,"[0, 0, 0, 0, 0, 0, 0, 255, 0, 0, 0, 0, 0, 0, 0, 0, 0]",0.23729014766252066,0.23657903927455426,0.23776726303535323,0.012509,0.00427,7.745625,7.762113
random_n08_00,8,spectrum,peigen,32642,random,5,1784,1785,1,2112979655003024393,"[0, 0, 0, 0, 0, 0, 0, 255, 0, 0, 0, 0, 0, 0, 0, 0, 0]",3.143901078365296,3.1429130567979904,3.1575415722075855,0.012509,0.011696,102.623219,102.649741
random_n08_00,8,spectrum,proposed,32642,random,5,1784,1785,1,2112979655003024393,"[0, 0, 0, 0, 0, 0, 0, 255, 0, 0, 0, 0, 0, 0, 0, 0, 0]",0.3491470804485019,0.34869416702407946,0.34930990748115925,0.012358,0.012488,11.396859,11.421507
random_n08_01,8,max,peigen,32640,random,5,7,7,0,13088251914154843549,"[0, 0, 0, 0, 0, 0, 1, 254, 0, 0, 0, 0, 0, 0, 0, 0, 0]",0.8694420955882353,0.8677246323529412,0.8700852634803922,0.012349,0.008519,28.37859,28.399779
random_n08_01,8,max,proposed,32640,random,5,7,7,0,13088251914154843549,"[0, 0, 0, 0, 0, 0, 1, 254, 0, 0, 0, 0, 0, 0, 0, 0, 0]",0.1040626225490196,0.10384439338235295,0.10428452818627451,0.012369,0.003548,3.396604,3.412831
random_n08_01,8,min,peigen,32641,random,5,6,7,1,5305792038551622429,"[0, 0, 0, 0, 0, 0, 0, 255, 0, 0, 0, 0, 0, 0, 0, 0, 0]",3.1105386783493154,3.109157378756778,3.114008057351184,0.012439,0.012669,101.531093,101.555519
random_n08_01,8,min,proposed,32641,random,5,6,7,1,5305792038551622429,"[0, 0, 0, 0, 0, 0, 0, 255, 0, 0, 0, 0, 0, 0, 0, 0, 0]",0.23440804509665758,0.23323654299806992,0.23492310284611378,0.012509,0.00417,7.651313,7.668022
random_n08_01,8,spectrum,peigen,32641,random,5,1784,1785,1,5305792038551622429,"[0, 0, 0, 0, 0, 0, 0, 255, 0, 0, 0, 0, 0, 0, 0, 0, 0]",3.353648019362152,3.3489512576207834,3.361325020679513,0.012329,0.011967,109.466425,109.492856
random_n08_01,8,spectrum,proposed,32641,random,5,1784,1785,1,5305792038551622429,"[0, 0, 0, 0, 0, 0, 0, 255, 0, 0, 0, 0, 0, 0, 0, 0, 0]",0.3653361416623265,0.3649185073986704,0.36620636622652497,0.012319,0.012108,11.924937,11.949424
random_n08_02,8,max,peigen,32640,random,5,7,7,0,14784075108990547983,"[0, 0, 0, 0, 0, 0, 1, 254, 0, 0, 0, 0, 0, 0, 0, 0, 0]",0.869223131127451,0.8660341605392157,0.8729407781862746,0.012419,0.007899,28.371443,28.392171
random_n08_02,8,max,proposed,32640,random,5,7,7,0,14784075108990547983,"[0, 0, 0, 0, 0, 0, 1, 254, 0, 0, 0, 0, 0, 0, 0, 0, 0]",0.10340021446078432,0.10328336397058824,0.10349816176470589,0.012199,0.003478,3.374983,3.39111
random_n08_02,8,min,peigen,32641,random,5,6,7,1,12204726147912351301,"[0, 0, 0, 0, 0, 0, 0, 255, 0, 0, 0, 0, 0, 0, 0, 0, 0]",3.1179658405073374,3.117828865537208,3.1209605097883033,0.012479,0.011496,101.773523,101.795604
random_n08_02,8,min,proposed,32641,random,5,6,7,1,12204726147912351301,"[0, 0, 0, 0, 0, 0, 0, 255, 0, 0, 0, 0, 0, 0, 0, 0, 0]",0.22783101007934806,0.22754872706105816,0.2292044055022824,0.012439,0.00435,7.436632,7.453311
random_n08_02,8,spectrum,peigen,32641,random,5,1784,1785,1,12204726147912351301,"[0, 0, 0, 0, 0, 0, 0, 255, 0, 0, 0, 0, 0, 0, 0, 0, 0]",3.3624036641034283,3.3612352256364693,3.3687353328635763,0.012169,0.013582,109.752218,109.776174
random_n08_02,8,spectrum,proposed,32641,random,5,1784,1785,1,12204726147912351301,"[0, 0, 0, 0, 0, 0, 0, 255, 0, 0, 0, 0, 0, 0, 0, 0, 0]",0.3769697313195061,0.3754315431512515,0.37846907263870594,0.012258,0.012249,12.304669,12.329226
random_n08_03,8,max,peigen,32640,random,5,7,7,0,13911260715075711147,"[0, 0, 0, 0, 0, 0, 1, 254, 0, 0, 0, 0, 0, 0, 0, 0, 0]",0.8686937193627451,0.8666867034313726,0.8738005208333333,0.012388,0.00839,28.354163,28.375412
random_n08_03,8,max,proposed,32640,random,5,7,7,0,13911260715075711147,"[0, 0, 0, 0, 0, 0, 1, 254, 0, 0, 0, 0, 0, 0, 0, 0, 0]",0.1038061887254902,0.10378697916666667,0.10398728553921568,0.012509,0.003478,3.388234,3.404111
random_n08_03,8,min,peigen,32643,random,5,6,7,1,17711153980226481451,"[0, 0, 0, 0, 0, 0, 0, 255, 0, 0, 0, 0, 0, 0, 0, 0, 0]",3.0977323775388292,3.096125080415403,3.0986557608062983,0.012509,0.01298,101.119278,101.144767
random_n08_03,8,min,proposed,32643,random,5,6,7,1,17711153980226481451,"[0, 0, 0, 0, 0, 0, 0, 255, 0, 0, 0, 0, 0, 0, 0, 0, 0]",0.2264364488558037,0.2261516098397819,0.22687884079281928,0.012489,0.004089,7.391565,7.408233
random_n08_03,8,spectrum,peigen,32643,random,5,1784,1785,1,17711153980226481451,"[0, 0, 0, 0, 0, 0, 0, 255, 0, 0, 0, 0, 0, 0, 0, 0, 0]",3.3796486536163957,3.3783079986520845,3.38209591642925,0.012529,0.013832,110.321871,110.354667
random_n08_03,8,spectrum,proposed,32643,random,5,1784,1785,1,17711153980226481451,"[0, 0, 0, 0, 0, 0, 0, 255, 0, 0, 0, 0, 0, 0, 0, 0, 0]",0.3674536041417762,0.367261036056735,0.36944502649878996,0.012429,0.012078,11.994788,12.019135
random_n08_04,8,max,peigen,32640,random,5,7,7,0,15942162012406510011,"[0, 0, 0, 0, 0, 0, 0, 255, 0, 0, 0, 0, 0, 0, 0, 0, 0]",0.8671192708333333,0.8648845588235294,0.8686827512254902,0.012399,0.00849,28.302773,28.322709
random_n08_04,8,max,proposed,32640,random,5,7,7,0,15942162012406510011,"[0, 0, 0, 0, 0, 0, 0, 255, 0, 0, 0, 0, 0, 0, 0, 0, 0]",0.10066798406862745,0.10008627450980392,0.10070309436274509,0.012559,0.003499,3.285803,3.301549
random_n08_04,8,min,peigen,32640,random,5,7,7,0,15942162012406510011,"[0, 0, 0, 0, 0, 0, 0, 255, 0, 0, 0, 0, 0, 0, 0, 0, 0]",2.9865510416666665,2.981869301470588,2.9881651960784317,0.012438,0.011126,97.481026,97.505222
random_n08_04,8,min,proposed,32640,random,5,7,7,0,15942162012406510011,"[0, 0, 0, 0, 0, 0, 0, 255, 0, 0, 0, 0, 0, 0, 0, 0, 0]",0.2374704963235294,0.23524589460784312,0.23883186274509804,0.012489,0.004189,7.751037,7.767325
random_n08_04,8,spectrum,peigen,32640,random,5,1785,1785,0,15942162012406510011,"[0, 0, 0, 0, 0, 0, 0, 255, 0, 0, 0, 0, 0, 0, 0, 0, 0]",3.2521580575980393,3.2501088541666667,3.2549705269607845,0.012429,0.011698,106.150439,106.174716
random_n08_04,8,spectrum,proposed,32640,random,5,1785,1785,0,15942162012406510011,"[0, 0, 0, 0, 0, 0, 0, 255, 0, 0, 0, 0, 0, 0, 0, 0, 0]",0.35934589460784316,0.3576483762254902,0.3613969975490196,0.012439,0.012138,11.72905,11.753296
random_n08_05,8,max,peigen,32640,random,5,7,7,0,14463057154257847951,"[0, 0, 0, 0, 0, 0, 0, 255, 0, 0, 0, 0, 0, 0, 0, 0, 0]",0.8691883884803921,0.8686420955882352,0.8694503370098039,0.012218,0.009342,28.370309,28.390927
random_n08_05,8,max,proposed,32640,random,5,7,7,0,14463057154257847951,"[0, 0, 0, 0, 0, 0, 0, 255, 0, 0, 0, 0, 0, 0, 0, 0, 0]",0.09892708333333333,0.09870079656862746,0.09902055759803922,0.012379,0.003548,3.22898,3.244336
random_n08_05,8,min,peigen,32640,random,5,7,7,0,14463057154257847951,"[0, 0, 0, 0, 0, 0, 0, 255, 0, 0, 0, 0, 0, 0, 0, 0, 0]",3.0999734374999997,3.096500551470588,3.1023845588235295,0.012379,0.013391,101.183133,101.216
random_n08_05,8,min,proposed,32640,random,5,7,7,0,14463057154257847951,"[0, 0, 0, 0, 0, 0, 0, 255, 0, 0, 0, 0, 0, 0, 0, 0, 0]",0.23030575980392157,0.22981982230392156,0.2308376225490196,0.012469,0.00415,7.51718,7.533427
random_n08_05,8,spectrum,peigen,32640,random,5,1785,1785,0,14463057154257847951,"[0, 0, 0, 0, 0, 0, 0, 255, 0, 0, 0, 0, 0, 0, 0, 0, 0]",3.3837835477941174,3.3836256740196076,3.384818412990196,0.012369,0.011597,110.446695,110.470791
random_n08_05,8,spectrum,proposed,32640,random,5,1785,1785,0,14463057154257847951,"[0, 0, 0, 0, 0, 0, 0, 255, 0, 0, 0, 0, 0, 0, 0, 0, 0]",0.36997110906862746,0.369347181372549,0.37009908088235294,0.012419,0.012098,12.075857,12.100384
random_n08_06,8,max,peigen,32640,random,5,7,7,0,10877152334269854441,"[0, 0, 0, 0, 0, 0, 0, 255, 0, 0, 0, 0, 0, 0, 0, 0, 0]",0.8697030637254902,0.866190594362745,0.8711586090686275,0.012299,0.008179,28.387108,28.407816
random_n08_06,8,max,proposed,32640,random,5,7,7,0,10877152334269854441,"[0, 0, 0, 0, 0, 0, 0, 255, 0, 0, 0, 0, 0, 0, 0, 0, 0]",0.10146510416666667,0.10121035539215685,0.10164083946078432,0.012319,0.003448,3.311821,3.32819
random_n08_06,8,min,peigen,32640,random,5,7,7,0,10877152334269854441,"[0, 0, 0, 0, 0, 0, 0, 255, 0, 0, 0, 0, 0, 0, 0, 0, 0]",3.024394087009804,3.022563480392157,3.026407904411765,0.012438,0.013111,98.716223,98.740771
random_n08_06,8,min,proposed,32640,random,5,7,7,0,10877152334269854441,"[0, 0, 0, 0, 0, 0, 0, 255, 0, 0, 0, 0, 0, 0, 0, 0, 0]",0.23464041053921567,0.23444601715686275,0.23507481617647058,0.012359,0.003989,7.658663,7.675121
random_n08_06,8,spectrum,peigen,32640,random,5,1785,1785,0,10877152334269854441,"[0, 0, 0, 0, 0, 0, 0, 255, 0, 0, 0, 0, 0, 0, 0, 0, 0]",3.2532756740196076,3.2457764705882357,3.253672977941177,0.012319,0.01292,106.186918,106.212567
random_n08_06,8,spectrum,proposed,32640,random,5,1785,1785,0,10877152334269854441,"[0, 0, 0, 0, 0, 0, 0, 255, 0, 0, 0, 0, 0, 0, 0, 0, 0]",0.3753944852941177,0.37534935661764707,0.3777655637254902,0.01261,0.012007,12.252876,12.277273
random_n08_07,8,max,peigen,32640,random,5,7,7,0,13545761909965494203,"[0, 0, 0, 0, 0, 0, 1, 254, 0, 0, 0, 0, 0, 0, 0, 0, 0]",0.8688174019607843,0.8632106924019607,0.8698301470588236,0.012338,0.009482,28.3582,28.381253
random_n08_07,8,max,proposed,32640,random,5,7,7,0,13545761909965494203,"[0, 0, 0, 0, 0, 0, 1, 254, 0, 0, 0, 0, 0, 0, 0, 0, 0]",0.10148566176470589,0.10125922181372549,0.10150447303921568,0.012309,0.003438,3.312492,3.328029
random_n08_07,8,min,peigen,32644,random,5,6,7,1,17574984826394488291,"[0, 0, 0, 0, 0, 0, 0, 255, 0, 0, 0, 0, 0, 0, 0, 0, 0]",3.0304069047910795,3.0296597537066536,3.037440816076461,0.012429,0.014133,98.924603,98.951466
random_n08_07,8,min,proposed,32644,random,5,6,7,1,17574984826394488291,"[0, 0, 0, 0, 0, 0, 0, 255, 0, 0, 0, 0, 0, 0, 0, 0, 0]",0.2362898541845362,0.23578676020095576,0.2364843156475922,0.012509,0.00402,7.713446,7.730165
random_n08_07,8,spectrum,peigen,32644,random,5,1784,1785,1,17574984826394488291,"[0, 0, 0, 0, 0, 0, 0, 255, 0, 0, 0, 0, 0, 0, 0, 0, 0]",3.309040068619042,3.3083134419801494,3.3096001409141036,0.012439,0.011898,108.020304,108.042796
random_n08_07,8,spectrum,proposed,32644,random,5,1784,1785,1,17574984826394488291,"[0, 0, 0, 0, 0, 0, 0, 255, 0, 0, 0, 0, 0, 0, 0, 0, 0]",0.37063527753951725,0.37033761181227787,0.37195257934076703,0.012348,0.012128,12.099018,12.123234
random_n08_08,8,max,peigen,32640,random,5,7,7,0,9400087221459158275,"[0, 0, 0, 0, 0, 0, 3, 252, 0, 0, 0, 0, 0, 0, 0, 0, 0]",0.8668710171568628,0.8653170649509804,0.8707111825980393,0.012289,0.009361,28.29467,28.316561
random_n08_08,8,max,proposed,32640,random,5,7,7,0,9400087221459158275,"[0, 0, 0, 0, 0, 0, 3, 252, 0, 0, 0, 0, 0, 0, 0, 0, 0]",0.10138075980392157,0.10134304534313725,0.10174393382352942,0.012369,0.003528,3.309068,3.324765
random_n08_08,8,min,peigen,32640,random,5,6,6,0,9400087221459158275,"[0, 0, 0, 0, 0, 0, 3, 252, 0, 0, 0, 0, 0, 0, 0, 0, 0]",3.0692832414215685,3.065316176470588,3.0918297794117646,0.012429,0.011246,100.181405,100.207075
random_n08_08,8,min,proposed,32640,random,5,6,6,0,9400087221459158275,"[0, 0, 0, 0, 0, 0, 3, 252, 0, 0, 0, 0, 0, 0, 0, 0, 0]",0.22851449142156863,0.22785962009803923,0.22874344362745097,0.012479,0.004179,7.458713,7.477587
random_n08_08,8,spectrum,peigen,32643,random,5,1782,1785,2,12842183228953749209,"[0, 0, 0, 0, 0, 0, 0, 255, 0, 0, 0, 0, 0, 0, 0, 0, 0]",3.3085543301779863,3.3057883160248753,3.313671108660356,0.012409,0.011196,108.001139,108.024744
random_n08_08,8,spectrum,proposed,32643,random,5,1782,1785,2,12842183228953749209,"[0, 0, 0, 0, 0, 0, 0, 255, 0, 0, 0, 0, 0, 0, 0, 0, 0]",0.37670600128664644,0.37617094017094016,0.37689103329963547,0.012359,0.012259,12.296814,12.321672
random_n08_09,8,max,peigen,32640,random,5,7,7,0,17643406256914060795,"[0, 0, 0, 0, 0, 0, 3, 252, 0, 0, 0, 0, 0, 0, 0, 0, 0]",0.8704049019607842,0.8702175245098038,0.8708766850490196,0.012509,0.009743,28.410016,28.430945
random_n08_09,8,max,proposed,32640,random,5,7,7,0,17643406256914060795,"[0, 0, 0, 0, 0, 0, 3, 252, 0, 0, 0, 0, 0, 0, 0, 0, 0]",0.10400916053921569,0.10328933823529413,0.10476574754901961,0.012248,0.003498,3.394859,3.410405
random_n08_09,8,min,peigen,32640,random,5,6,6,0,17643406256914060795,"[0, 0, 0, 0, 0, 0, 3, 252, 0, 0, 0, 0, 0, 0, 0, 0, 0]",3.238796599264706,3.2385434742647057,3.241883823529412,0.012398,0.013351,105.714321,105.741895
random_n08_09,8,min,proposed,32640,random,5,6,6,0,17643406256914060795,"[0, 0, 0, 0, 0, 0, 3, 252, 0, 0, 0, 0, 0, 0, 0, 0, 0]",0.24682435661764707,0.24638511029411767,0.2476239583333333,0.012399,0.00432,8.056347,8.072875
random_n08_09,8,spectrum,peigen,32649,random,5,1782,1785,2,9210127519469826297,"[0, 0, 0, 0, 0, 0, 0, 255, 0, 0, 0, 0, 0, 0, 0, 0, 0]",3.476956690863426,3.4723191215657447,3.480634077613403,0.012358,0.013882,113.519159,113.546011
random_n08_09,8,spectrum,proposed,32649,random,5,1782,1785,2,9210127519469826297,"[0, 0, 0, 0, 0, 0, 0, 255, 0, 0, 0, 0, 0, 0, 0, 0, 0]",0.35900367545713496,0.3567698857545407,0.35902820913351097,0.012369,0.012028,11.721111,11.745619
