input,method,objective,initial_min,initial_sum,final_min,final_sum,final_nl,final_du,attempts,nl_calls,du_calls,degree_rejects,nl_rejects,du_rejects,target_reached,termination,accepted_count,median_total_ms,min_total_ms,max_total_ms,repetitions_total_ms,median_kernel_ms,min_kernel_ms,max_kernel_ms,repetitions_kernel_ms,median_context_ms,min_context_ms,max_context_ms,repetitions_context_ms,median_degree_init_ms,min_degree_init_ms,max_degree_init_ms,repetitions_degree_init_ms,median_constraints_init_ms,min_constraints_init_ms,max_constraints_init_ms,repetitions_constraints_init_ms,diagnostic_nl_du_share
freyre2020-s8,peigen,minimum-only,6,1778,6,1778,104,8,32640,0,0,32640,0,0,False,no-strict-improvement,0,104.060638,103.688951,105.434488,"[104.051116, 104.060638, 103.688951, 105.434488, 104.634753]",103.429883,103.058156,104.800225,"[103.420912, 103.429883, 103.058156, 104.800225, 104.006984]",0.022762,0.020747,0.024086,"[0.022712, 0.020747, 0.022762, 0.023183, 0.024086]",0.012709,0.012128,0.015968,"[0.01299, 0.012128, 0.012709, 0.015968, 0.012619]",0.595112,0.591064,0.59788,"[0.594502, 0.59788, 0.595324, 0.595112, 0.591064]",0.0
freyre2020-s8,rank-shared,minimum-then-spectrum-sum,6,1778,7,1785,104,8,17555,4501,3,13054,4498,0,True,target-reached,3,287.126356,284.324463,288.119377,"[287.659938, 286.838783, 287.126356, 288.119377, 284.324463]",286.504672,283.710256,287.50954,"[287.044989, 286.225609, 286.504672, 287.50954, 283.710256]",0.020116,0.018312,0.024687,"[0.024687, 0.018312, 0.020116, 0.019555, 0.022572]",0.001995,0.001914,0.002125,"[0.002125, 0.002065, 0.001914, 0.001995, 0.001935]",0.5897,0.588137,0.599654,"[0.588137, 0.592797, 0.599654, 0.588287, 0.5897]",0.4895326504739088
freyre2020-s8,rank-static,minimum-then-spectrum-sum,6,1778,7,1785,104,8,17555,4501,3,13054,4498,0,True,target-reached,3,296.029344,294.221333,299.454435,"[296.029344, 294.221333, 296.826954, 299.454435, 294.630658]",295.418946,293.614574,298.83664,"[295.418946, 293.614574, 296.215974, 298.83664, 294.01582]",0.02142,0.017451,0.024978,"[0.021369, 0.021609, 0.02142, 0.024978, 0.017451]",0.001965,0.001864,0.002104,"[0.001874, 0.001965, 0.001864, 0.002104, 0.002044]",0.587696,0.583185,0.595343,"[0.587155, 0.583185, 0.587696, 0.590713, 0.595343]",0.4719328980986604
kuznetsov2023-hill-2,peigen,minimum-only,6,1784,7,1785,104,8,488,121,1,367,120,0,True,target-reached,1,9.948549,9.874959,10.13514,"[9.968866, 9.874959, 9.895567, 9.948549, 10.13514]",9.321162,9.256372,9.502351,"[9.338181, 9.256372, 9.265644, 9.321162, 9.502351]",0.021249,0.019464,0.023674,"[0.023574, 0.019464, 0.023674, 0.021249, 0.020718]",0.012288,0.010595,0.016679,"[0.012288, 0.010595, 0.016679, 0.011125, 0.016037]",0.594823,0.588528,0.596034,"[0.594823, 0.588528, 0.58957, 0.595013, 0.596034]",0.4046516400220885
kuznetsov2023-hill-2,rank-shared,minimum-then-spectrum-sum,6,1784,7,1785,104,8,488,121,1,367,120,0,True,target-reached,1,8.315512,8.265617,8.465038,"[8.341973, 8.265617, 8.465038, 8.266239, 8.315512]",7.701295,7.654127,7.852314,"[7.728588, 7.654127, 7.852314, 7.657765, 7.701295]",0.022071,0.019044,0.023565,"[0.022071, 0.019044, 0.023565, 0.020117, 0.023003]",0.001864,0.001774,0.002084,"[0.001784, 0.001774, 0.001954, 0.001864, 0.002084]",0.58913,0.586493,0.590672,"[0.58953, 0.590672, 0.587205, 0.586493, 0.58913]",0.48447928246969185
kuznetsov2023-hill-2,rank-static,minimum-then-spectrum-sum,6,1784,7,1785,104,8,488,121,1,367,120,0,True,target-reached,1,8.494826,8.479922,8.728776,"[8.494826, 8.567884, 8.728776, 8.489674, 8.479922]",7.887646,7.871328,8.116083,"[7.887646, 7.955581, 8.116083, 7.884517, 7.871328]",0.02177,0.019876,0.024176,"[0.024176, 0.019876, 0.02177, 0.019916, 0.023594]",0.001924,0.001744,0.001985,"[0.001924, 0.001844, 0.001744, 0.001955, 0.001985]",0.583286,0.58108,0.590583,"[0.58108, 0.590583, 0.589179, 0.583286, 0.583015]",0.47141272226189834
kuznetsov2023-hill-3,peigen,minimum-only,6,1784,7,1785,104,8,428,110,1,318,109,0,True,target-reached,1,9.055159,8.971716,9.380248,"[8.981358, 9.380248, 8.971716, 9.055159, 9.061273]",8.428203,8.359413,8.754495,"[8.363904, 8.754495, 8.359413, 8.428203, 8.441262]",0.020978,0.019816,0.023745,"[0.020216, 0.020978, 0.019816, 0.023745, 0.022352]",0.012468,0.010835,0.015686,"[0.01283, 0.012468, 0.010835, 0.012238, 0.015686]",0.584408,0.581652,0.592307,"[0.584408, 0.592307, 0.581652, 0.590973, 0.581973]",0.41008866679403705
kuznetsov2023-hill-3,rank-shared,minimum-then-spectrum-sum,6,1784,7,1785,104,8,428,110,1,318,109,0,True,target-reached,1,7.694479,7.663718,7.78567,"[7.693858, 7.694479, 7.78567, 7.749366, 7.663718]",7.089855,7.067684,7.180163,"[7.089855, 7.087349, 7.180163, 7.143038, 7.067684]",0.019956,0.018712,0.024195,"[0.021119, 0.024195, 0.019956, 0.019955, 0.018712]",0.002114,0.001845,0.002175,"[0.002175, 0.002095, 0.002114, 0.001845, 0.002116]",0.58084,0.575206,0.584528,"[0.580709, 0.58084, 0.583437, 0.584528, 0.575206]",0.4859941240204097
kuznetsov2023-hill-3,rank-static,minimum-then-spectrum-sum,6,1784,7,1785,104,8,428,110,1,318,109,0,True,target-reached,1,7.807871,7.791523,7.91132,"[7.791523, 7.818325, 7.807871, 7.792617, 7.91132]",7.1959,7.177357,7.310383,"[7.177357, 7.207406, 7.1959, 7.183752, 7.310383]",0.021068,0.017711,0.024066,"[0.019224, 0.022682, 0.021068, 0.024066, 0.017711]",0.002085,0.001874,0.002395,"[0.001965, 0.002085, 0.002085, 0.001874, 0.002395]",0.586152,0.580831,0.592977,"[0.592977, 0.586152, 0.588818, 0.582925, 0.580831]",0.4702567440014786
