input,peigen_us,bitwise_us,peigen_over_bitwise
AES,3.71923583984375,2.771554443359375,1.3419313659001044
CLEFIA_S0,3.728478271484375,2.77305712890625,1.3445371292999515
CLEFIA_S1,3.725297119140625,2.782483154296875,1.3388390558224228
random_n08_00,3.733323974609375,2.7692939453125,1.3481140132952154
random_n08_01,3.70107421875,2.805708740234375,1.319122746305032
random_n08_02,3.7295751953125,2.759544921875,1.3515182035081363
random_n08_03,3.73669580078125,2.729717529296875,1.3688946789097822
random_n08_04,3.7397744140625,2.7326025390625,1.3685760591240395
random_n08_05,3.766048583984375,2.749135009765625,1.3699031042878633
random_n08_06,3.751655029296875,2.773637451171875,1.3526119023637293
random_n08_07,3.757444580078125,2.754432861328125,1.3641445514363966
random_n08_08,3.7331650390625,2.7646982421875,1.350297469031819
random_n08_09,3.763036376953125,2.781455810546875,1.3529017296209558
