n,metric,profile,steps,independent_inputs,repeats_per_input,reference_growth_factor,baseline_us,baseline_us_q1,baseline_us_q3,proposed_us,proposed_us_q1,proposed_us_q3,paired_speedup,paired_speedup_q1,paired_speedup_q3,baseline_total_ms,baseline_total_ms_q1,baseline_total_ms_q3,proposed_total_ms,proposed_total_ms_q1,proposed_total_ms_q3,total_speedup,total_speedup_q1,total_speedup_q3,speedup_over_reference_factor,speedup_over_reference_factor_q1,speedup_over_reference_factor_q3
3,max,high,15744,10,5,3,0.08395591971544716,0.08184443279979675,0.08769917111280488,0.03164777057926829,0.029809086001016262,0.036035981961382114,2.64307290412485,2.315727676926217,2.9435182196082037,1.330357,1.2983912499999999,1.390749,0.510421,0.47707475,0.5834982500000001,2.603888222562456,2.2664081897642196,2.8993259368458277,0.8810243013749501,0.7719092256420724,0.9811727398694012
3,max,natural,11008,10,5,3,0.0974301871366279,0.09261873183139535,0.09982496820494186,0.03517682594476745,0.03207966933139535,0.03723918968023256,2.704765737996974,2.452138196734784,3.024555357412468,1.0835865,1.029465,1.11650675,0.39753499999999997,0.36579975,0.427793,2.6613556392303606,2.3577023391247436,2.9768567132321837,0.9015885793323246,0.8173793989115947,1.008185119137489
3,min,static,8448,10,5,2.6666666666666665,0.13085931581439394,0.12995220762310605,0.1420630918560606,0.05860611979166666,0.055617927320075755,0.06647620738636363,2.273475943512748,2.1647025604579753,2.342918253032372,1.114159,1.1075210000000002,1.214883,0.5055885,0.47790875,0.56966025,2.250483354978746,2.1522415238513415,2.321666299820651,0.8525534788172805,0.8117634601717407,0.8785943448871396
3,spectrum,high,9344,10,5,6,0.22392396190068492,0.22149309717465754,0.22613214362157535,0.05365630351027397,0.05266764768835616,0.06206381100171233,4.1469702104324995,3.594585387565762,4.2983641491403635,2.1005895,2.07850825,2.12109075,0.5092734999999999,0.50002525,0.5941675,4.1072069528031045,3.524969388344,4.246281584463687,0.6911617017387499,0.5990975645942936,0.7163940248567272
3,spectrum,natural,6528,10,5,6,0.2868091299019608,0.27678768382352936,0.3087435661764706,0.0724439338235294,0.0645353094362745,0.09163717830882352,4.056952747310106,3.0101673453783926,4.526419994127803,1.8833000000000002,1.8213035,2.02925225,0.49340100000000003,0.4315005,0.6188622500000001,3.9536542731220363,2.928305976588332,4.3956270500083665,0.676158791218351,0.5016945575630655,0.7544033323546339
4,max,high,8960,10,5,4,0.28094285714285716,0.2749388392857143,0.28578763950892855,0.07356294642857142,0.07106450892857143,0.08146707589285715,3.8287257514572017,3.2529124526302375,3.998995268952359,2.527878,2.47456575,2.571257,0.6740349999999999,0.6544712500000001,0.752051,3.7849195294955207,3.1432447677402333,3.91063730828191,0.9571814378643004,0.8132281131575594,0.9997488172380897
4,max,natural,8064,10,5,4,0.32715835813492067,0.31783506944444445,0.32969788566468256,0.0905491691468254,0.07274937996031747,0.09173682415674603,3.612063427871983,3.574450807288442,4.442101844499507,2.6594575000000003,2.57423125,2.67473675,0.7411735,0.60330175,0.75163325,3.58817642558344,3.5614118712967446,4.369253872102343,0.9030158569679958,0.8936127018221105,1.1105254611248767
4,min,static,7808,10,5,4.0,0.4985408555327869,0.4930493724385246,0.5034681736680328,0.1345945824795082,0.13196705302254097,0.14119672131147543,3.6828943057301116,3.559319122533265,4.020907819077586,3.9057315,3.85971525,3.9490765000000003,1.0604265000000002,1.0391344999999998,1.11105675,3.659913414680968,3.5428484812083707,4.008795819138751,0.9207235764325279,0.8898297806333163,1.0052269547693966
4,spectrum,high,3712,10,5,8,1.1236309267241378,1.1018511584051724,1.157674838362069,0.2264424838362069,0.22216352370689654,0.2346818426724138,4.9439359577321085,4.721821052711192,5.067753345007663,4.189235500000001,4.10245475,4.30987275,0.8514695,0.836158,0.89346875,4.862014517585585,4.633370372715664,5.022939830060022,0.6179919947165136,0.590227631588899,0.6334691681259579
4,spectrum,natural,3584,10,5,8,1.1695913783482144,1.130955357142857,1.171128696986607,0.23679715401785714,0.23563929966517858,0.23899274553571428,4.900288888826833,4.843078873835766,5.0065354097998345,4.2068425000000005,4.067381,4.21538325,0.8599870000000001,0.85545125,0.86930125,4.855852338749166,4.796496552906519,4.968375418189211,0.6125361111033542,0.6053848592294707,0.6258169262249793
5,max,high,5760,10,5,5,0.6962599826388889,0.6880158420138889,0.718736545138889,0.14256692708333335,0.13743025173611112,0.14576788194444446,4.985826474831438,4.898152087358479,5.014410362236914,4.0365255,3.980078,4.155188,0.8390915,0.8047015,0.85120275,4.937380502770164,4.8186924880125925,4.9514509901018755,0.9971652949662875,0.9796304174716959,1.0028820724473828
5,max,natural,6400,10,5,5,0.7140926562500001,0.7137128125000001,0.7167432421875,0.117528828125,0.114750859375,0.1187945703125,6.104377407400168,5.997220000781036,6.1965230963676925,4.5846944999999995,4.580321250000001,4.60230775,0.7635765,0.7455915,0.773071,6.040567129254205,5.929368618228287,6.11280418732872,1.2208754814800336,1.1994440001562072,1.2393046192735386
5,min,static,2816,10,5,6.4,2.278159090909091,2.2570296519886366,2.2883623046875,0.36046164772727274,0.3556145241477273,0.36674849076704547,6.371872850691258,6.258509787329038,6.5302357544951,6.436138,6.37865075,6.4809215,1.0398405,1.013461,1.053541,6.29267946289797,6.159085754367995,6.420091270065597,0.9956051329205089,0.9778921542701621,1.0203493366398595
5,spectrum,high,1792,10,5,10,4.14958203125,4.100680385044643,4.293741489955357,0.5518136160714286,0.5505290178571429,0.6020443638392857,7.450649406875475,6.8992651929204545,7.558042405486578,7.4601465000000005,7.3664457500000005,7.73051825,1.005839,1.00254075,1.10844975,7.3376706849710756,6.756746566390153,7.459453272811668,0.7450649406875475,0.6899265192920455,0.7558042405486578
5,spectrum,natural,2048,10,5,10,4.196291259765625,4.182686767578125,4.231173950195313,0.453553955078125,0.4462342529296875,0.4875660400390625,9.27061180177703,8.880859069039708,9.378713828433064,8.613462,8.58801225,8.69709975,0.943673,0.9281325,1.0278880000000001,9.156328797014199,8.644406520943686,9.25613575129027,0.9270611801777031,0.8880859069039708,0.9378713828433063
6,max,high,3456,10,5,6,1.5790580150462963,1.5765740740740741,1.593339626736111,0.24376012731481483,0.23892230902777778,0.2733087384259259,6.509708498039721,5.915988793678121,6.5987985587756155,5.4723489999999995,5.4630465,5.521115,0.8553455,0.8388915,0.9708574999999999,6.42883076568628,5.7817108973283275,6.512322071221277,1.0849514163399534,0.9859981322796868,1.099799759795936
6,max,natural,4992,10,5,6,1.6678650841346154,1.656672375801282,1.6710706129807693,0.14737660256410257,0.14581009615384616,0.15484304887820513,11.293958086534296,10.707651988267854,11.43795804797,8.340526,8.285043000000002,8.3659385,0.7487790000000001,0.7421365,0.79928475,11.099067719639258,10.37341024170716,11.25141890931476,1.8823263477557162,1.7846086647113089,1.9063263413283333
6,min,static,1152,10,5,10.666666666666666,9.404665798611111,9.367966796874999,9.459784505208333,0.9124405381944445,0.8761406249999999,0.965423828125,10.366393269591995,9.758186106102592,10.71618494894446,10.8810655,10.829203750000001,10.9347065,1.078614,1.0229024999999998,1.12626475,10.1546470412128,9.669711737239087,10.609991452011649,0.9718493690242496,0.914829947447118,1.004642338963543
6,spectrum,high,768,10,5,12,15.688119140625,15.616240885416666,15.9573046875,1.4583320312499999,1.4543902994791666,1.460337890625,10.787608735144213,10.75460949850941,10.958018628904087,12.0856405,12.030454,12.33048575,1.1423105,1.13892025,1.1435515,10.61129477357817,10.571402278512679,10.805908428216407,0.898967394595351,0.8962174582091175,0.9131682190753406
6,spectrum,natural,1152,10,5,12,16.634631944444443,16.4918046875,16.92661892361111,0.8932048611111111,0.8761499565972222,0.8978125,18.928579018219242,18.570310962754032,19.119238478431036,19.219746999999998,19.04267,19.579913,1.0515025,1.0325704999999998,1.06109725,18.56696858083648,18.217561057331963,18.737483859370855,1.5773815848516035,1.5475259135628359,1.5932698732025863
7,max,high,2176,10,5,7,3.6304204963235294,3.62107421875,3.6434272748161765,0.42913855698529413,0.42459145220588235,0.44566486672794114,8.483833322834343,8.145384905935229,8.591298578246994,7.929892000000001,7.9020132499999995,7.9492597499999995,0.9510700000000001,0.94224575,0.9868935,8.343124338128437,8.025634295351324,8.459703118020496,1.211976188976335,1.1636264151336042,1.227328368320999
7,max,natural,2176,10,5,7,3.888532169117647,3.8539854090073526,3.9040280330882355,0.19719921875000002,0.19506100643382351,0.19817612591911765,19.85078699111031,19.28910789146549,20.008532925247124,8.482368999999998,8.407674,8.51686475,0.4465055,0.44216125,0.44910150000000004,19.08225165493711,18.559549656565665,19.31200505280825,2.8358267130157593,2.7555868416379274,2.858361846463875
7,min,static,384,10,5,18.285714285714285,45.91800260416666,45.67189973958333,46.18847721354167,2.2941953125,2.1334654947916665,2.410494140625,20.03384843085493,19.030036970303716,21.46859266496849,17.768279,17.6665615,17.86713325,0.903095,0.83906175,0.94928025,19.603700537909017,18.790331874647727,21.103227493085075,1.0956010860623793,1.0407051468134845,1.1740636613654645
7,spectrum,high,256,10,5,14,69.0046328125,68.7962353515625,73.2062666015625,4.81656640625,4.716608398437501,4.9880830078125005,14.58537642187973,14.065663084364495,14.720627039922112,17.88631,17.748161,18.8527335,1.297054,1.2692782500000002,1.3388452499999999,13.9923313465189,13.573819818160937,14.066275642077962,1.041812601562838,1.0046902203117496,1.0514733599944366
7,spectrum,natural,640,10,5,14,73.24380234375,72.6915546875,77.12248984375,1.9406546875,1.90786015625,1.98488515625,38.36083058966058,36.890908050153705,39.27614091473417,46.993715,46.6862585,49.5779685,1.3072460000000001,1.28477975,1.337204,36.57879313568966,34.96385159082685,37.44404171850158,2.740059327832898,2.6350648607252647,2.805438636766726
8,max,high,1280,10,5,8,8.965385546875,8.9180474609375,9.035388671875,0.840798828125,0.82784453125,0.8564728515625,10.657482589017437,10.476350773687631,10.792270936389531,11.519091,11.47127225,11.63183875,1.109987,1.09230925,1.14359875,10.37136411051976,10.204953406377069,10.528425315137813,1.3321853236271797,1.309543846710954,1.3490338670486914
8,max,natural,1664,10,5,8,8.999804387019232,8.965320012019232,9.059218449519232,0.2531772836538462,0.2512839543269231,0.26513146033653845,35.41122875500038,34.92881767804943,35.809978849416574,15.017200500000001,14.978995,15.1150055,0.453758,0.44992,0.47302275,32.98065030778734,32.688644125271495,33.391109876299595,4.4264035943750475,4.366102209756178,4.476247356177072
8,min,static,256,10,5,32.0,363.843564453125,341.2533603515625,368.8822890625,6.224494140625,6.0315625,6.30126171875,58.108918839825805,54.84763086780937,59.90964226284967,93.56501499999999,87.848565,94.85392225,1.6356060000000001,1.5800255,1.6505714999999999,57.07628121739752,53.89445298009892,58.594138034839034,1.8159037137445564,1.7139884646190429,1.8721763207140523
8,spectrum,high,128,10,5,16,391.0605859375,386.33676953125,391.78854492187503,14.090093750000001,14.039125,14.204349609374999,27.57878304790166,27.437645735072298,27.778281227803973,50.505777,49.9676885,50.68734775,2.0179169999999997,2.012234,2.037163,24.838667952613378,24.719769090319037,25.101829051258377,1.7236739404938537,1.7148528584420186,1.7361425767377483
8,spectrum,natural,256,10,5,16,384.80360546875,376.72809765625,386.0004423828125,4.317814453125,4.2697158203125,4.452416015625,88.29046644383934,86.46749669460036,90.03656721676847,98.932923,97.06445125,99.23492275,1.314282,1.3064704999999999,1.35372025,74.61741720846305,72.99340387794786,75.73112114251238,5.5181541527399585,5.404218543412522,5.62728545104803
9,max,high,640,10,5,9,21.39065703125,21.244145703125,21.473691796875002,1.6342867187499999,1.58803671875,1.83428359375,13.22106337457664,11.596727898447119,13.429256587941072,13.778361499999999,13.679659000000001,13.83611575,1.124323,1.08509525,1.28005275,12.289116931782393,10.767379049316723,12.748611097538774,1.4690070416196266,1.28852532204968,1.4921396208823414
9,max,natural,2688,10,5,9,20.673311569940473,20.543125279017858,20.777107886904762,0.348336681547619,0.33127976190476194,0.3539240141369048,59.375925971533164,58.82019715406584,61.95171819453666,55.6717655,55.303293,55.9696605,0.9999955,0.95408125,1.01535525,55.740203485218096,55.1951361497169,57.90639959314341,6.59732510794813,6.535577461562871,6.883524243837407
9,min,static,128,10,5,56.888888888888886,1585.4188671875,1582.58469921875,1598.494765625,15.25930078125,15.002916015624999,15.413474609375001,103.68739080082479,102.59091202129896,106.2969949945551,204.632321,204.386687,206.4282735,2.0255644999999998,1.9896942499999999,2.0440675,100.88820501123419,99.85233196113566,103.43236652153948,1.8226299164207482,1.803355875374396,1.868501865138664
9,spectrum,high,128,10,5,18,1591.7918632812498,1585.897623046875,1599.333376953125,48.53938671875,48.3976953125,48.674859375,32.864024674517616,32.67565592959232,32.927643203489225,205.390418,204.71923850000002,206.51355575000002,6.9760605,6.9607677500000005,7.01373425,29.496017946555213,29.32214693671704,29.61523989539238,1.825779148584312,1.8153142183106843,1.8293135113049572
9,spectrum,natural,128,10,5,18,1587.2789101562498,1584.043279296875,1592.485302734375,12.116484375,11.672857421875,12.203388671875,131.58333030492525,130.26382402027744,135.6052341654559,204.908379,204.41491,205.63893525,2.2957845,2.23642325,2.32770375,89.74009900616005,88.11915941756916,91.41317173236382,7.3101850169402915,7.236879112237636,7.533624120303106
10,max,high,256,10,5,10,53.011048828125,52.8118388671875,53.328009765625,3.512572265625,3.0809443359375,3.5718154296874998,14.986293201995009,14.899914425981908,17.165667790249287,13.7581095,13.69248625,13.85887325,1.0281535000000002,0.98723125,1.04211675,13.29757497107913,13.228445844097024,13.889248246251306,1.498629320199501,1.4899914425981908,1.7165667790249286
10,max,natural,2048,10,5,10,47.9661884765625,47.7287802734375,48.618122070312495,0.44194384765625,0.43611401367187497,0.4648558349609375,108.34033981445974,104.15097423263043,110.34911385884084,98.4060595,97.9304965,99.76638325,1.0329,1.02007775,1.081667,95.01612545450061,91.29493841355765,96.71790646700441,10.834033981445973,10.415097423263044,11.034911385884085
10,min,static,128,10,5,102.4,6532.02049609375,6499.43324609375,6557.123109375,37.657109375000005,36.10873046875,38.862599609374996,174.04039222061414,167.27877814554463,179.91700464957515,842.7856905,838.4920562499999,845.932368,4.95835,4.754596749999999,5.141185,170.52586987812862,163.72549976572728,176.08556861175975,1.6996132052794348,1.6335818178275843,1.7570019985310072
10,spectrum,high,128,10,5,20,6524.43989453125,6514.66324609375,6567.417908203125,183.58625,183.220416015625,183.8474453125,35.55540598695578,35.532573011217714,35.78972806739074,841.8286204999999,840.51214925,847.386278,26.337162,26.331061000000002,26.401471,31.961762708173225,31.842614065316507,32.141498476535155,1.777770299347789,1.7766286505608855,1.789486403369537
10,spectrum,natural,128,10,5,20,6545.08714453125,6524.463083984375,6572.69544140625,34.953847656250005,34.795845703125,37.022341796875,187.1424497317688,175.3273932649475,189.05599441023793,844.4017135,841.7543185,847.94771675,7.3671595,7.3262037499999995,7.589475500000001,114.43392858031407,110.3315797396027,115.7420196290066,9.357122486588441,8.766369663247374,9.452799720511894
11,max,high,192,10,5,11,145.91558854166664,144.99689973958334,147.00495833333332,5.652276041666667,5.5338515625,5.755830729166667,25.822972783299193,25.622333687072476,26.366150770994217,28.4263835,28.19762575,28.60164375,1.3395199999999998,1.32152475,1.3752675,21.094873330628143,20.807018259053756,21.54362698883928,2.3475429802999264,2.3293030624611344,2.3969227973631106
11,max,natural,1312,10,5,11,114.30216539634145,113.34361337652439,114.83527324695122,0.5801764481707317,0.5005489710365854,0.5946179496951219,197.714923448844,193.13169813706492,224.60304517665702,150.3258415,149.09819725,151.01878525,1.0192329999999998,0.91938825,1.0394822499999998,148.00952809347368,145.54428568845012,160.8276036662202,17.974083949894908,17.557427103369537,20.418458652423364
11,min,static,32,10,5,186.1818181818182,26834.914453125,26739.02521875,26893.189515625003,91.0215,88.3064140625,91.23769531250001,294.76532155774873,292.9544654322022,305.55554321232245,885.6819734999999,882.552858,887.6690115,3.198064,3.11016775,3.2102102500000003,276.8633945433671,274.7869336716367,286.36309619846816,1.5832121763355647,1.5734858983174922,1.64116746842556
11,spectrum,high,32,10,5,22,26887.229671875,26812.2370703125,26917.076953124997,722.355953125,715.8514687500001,728.0428359375,37.28417990929877,36.846903859798516,37.42115383842791,887.6543154999999,885.015202,888.3100917500001,34.593674,34.10851925,34.85034125,25.663914877171138,25.470188170347907,25.910821532597886,1.6947354504226713,1.674859266354478,1.7009615381103598
11,spectrum,natural,32,10,5,22,26837.9010625,26732.442078124997,26976.917406250002,180.02115625,170.030109375,189.5178671875,149.0402892448277,141.68034521385664,157.76025775926382,885.8036924999999,882.4455725,890.417173,17.1569225,16.8028595,17.225924499999998,51.42199259081285,51.21725939548775,53.01898132124109,6.774558602037624,6.440015691538938,7.1709208072392645
12,max,high,96,10,5,12,361.243640625,360.5495104166667,361.9888619791667,11.873093749999999,11.576877604166667,11.965760416666665,30.450223835650846,30.229724018601562,31.146305014278944,35.455795499999994,35.43149675,35.530018999999996,1.7147774999999998,1.688651,1.7264125,20.67355479313816,20.539764328616414,20.959685692919958,2.5375186529709035,2.519143668216797,2.5955254178565785
12,max,natural,1056,10,5,12,333.05819554924244,331.45575213068184,333.8538707386364,0.9130525568181818,0.8012232481060606,0.9565232007575757,364.9281913917157,349.748326573308,414.1956592523552,352.61411250000003,350.81784725,353.379728,1.5348255,1.41823825,1.578813,229.83867892880312,224.28968756278377,247.49480783825823,30.410682615976313,29.145693881109004,34.51630493769626
12,min,static,32,10,5,341.3333333333333,109790.479296875,109475.8447109375,109868.27868749999,206.75659374999998,198.02363281249998,210.73871875,531.88097231141,520.6118956729138,553.9912225237118,3623.3871634999996,3613.0758635,3626.084195,7.251552,6.956473,7.37322875,500.48991950075595,491.07026437338754,519.733634017614,1.5582450360685842,1.5252301631042395,1.623021159737437
12,spectrum,high,32,10,5,24,109591.926890625,109566.2363203125,109756.144921875,3565.43690625,3524.9484921875,3588.18340625,30.752212271963295,30.546245468807676,31.4569634201568,3617.0919569999996,3615.69948325,3621.954603,158.505377,157.29926625000002,159.06496675,22.808760372197593,22.729718048902676,23.05432151869256,1.2813421779984706,1.2727602278669865,1.3107068091732001
12,spectrum,natural,32,10,5,24,109365.702140625,109290.4623828125,109464.80040625,989.82825,904.5694765625001,1082.0765625,110.69754670528496,101.01290334028724,121.07384404321363,3609.8205245,3607.2539465,3612.8024729999997,77.9404655,73.1910395,78.49521325,46.55896610928737,45.70245306326423,49.37034265344666,4.612397779386873,4.208870972511969,5.044743501800568
13,max,high,48,10,5,13,835.6163854166667,834.8670156249999,836.2755833333333,21.938322916666667,21.633635416666664,23.170588541666667,38.08925633536796,36.08970647792497,38.72119087782097,41.827476000000004,41.78728225,41.862374,2.2821495,2.25494,2.3333965,18.31465737474752,17.956431588249608,18.54907716942249,2.9299427950283046,2.77613126753269,2.9785531444477673
13,max,natural,280,10,5,13,823.486682142857,823.1361428571429,825.1597312499999,1.207194642857143,0.915230357142857,1.4201982142857144,692.6647484757556,580.1812897574348,901.9149881094165,232.2421225,232.17769950000002,232.72886775,1.557268,1.47019,1.6134780000000002,149.524818155101,144.1174758557738,158.07811650094746,53.281903728904275,44.62932998134113,69.37807600841666
13,min,static,8,10,5,630.1538461538462,456340.330875,455154.01234375,456559.726,485.97325,476.681,497.93490625,937.7759219268279,915.9378500227094,959.62213778288,4106.7525590000005,4097.06084925,4107.05032175,5.2372675,5.15510625,5.3575935,782.3771327184706,766.4581325303529,798.9147455324727,1.4881697979795852,1.4535146545770534,1.5228378651339647
13,spectrum,high,8,10,5,26,456000.07643749996,454457.12559375,457670.0261875,12616.8123125,12445.034125,12749.08515625,36.15526289199293,35.86249177026217,36.78161431672942,4104.489136,4090.2036375,4118.95072875,279.676917,278.397567,281.86240699999996,14.701336406641282,14.547353111631045,14.763358003458906,1.3905870343074205,1.3793266065485448,1.414677473720362
13,spectrum,natural,8,10,5,26,456373.464875,454475.333125,456871.13443750003,2916.499125,2258.86765625,3563.50721875,159.38287612032036,128.09622555477142,202.44993272780894,4107.7226625,4091.195648,4111.8588575,202.699037,197.93744075,207.985352,20.194802382404283,19.754747703931773,20.731459343436384,6.1301106200123225,4.926777905952747,7.786535874146497
14,max,high,24,10,5,14,1864.4935625,1864.0291458333331,1866.6001666666668,48.74522916666667,46.81959375,51.002750000000006,38.23644018347331,36.553727015244995,39.7957167334138,48.394227,48.36547725,48.43315725,3.779671,3.7631680000000003,3.82997525,12.80857430791445,12.654722400038576,12.849427290200554,2.7311742988195222,2.610980501088928,2.8425511952438427
14,max,natural,296,10,5,14,1855.6245016891892,1855.0695912162162,1856.6337905405405,2.363412162162162,1.8648640202702704,2.9501630067567564,785.1126523212531,632.2506591853589,996.6953797555573,552.8549264999999,552.7737215,553.1597674999999,3.2950375000000003,3.146943,3.48781425,167.76028660955706,158.72424398269936,175.71784086696928,56.079475165803785,45.16076137038278,71.19252712539695
14,min,static,8,10,5,1170.2857142857142,1872860.6425,1870858.73815625,1873534.9534375002,1138.6169375,1119.12984375,1148.9180625,1645.8648780696258,1627.611855031832,1672.460738734375,16854.5586525,16839.45826,16864.089008000003,11.996153,11.882386499999999,12.11884475,1405.3832461035254,1389.070722873622,1419.3326995681864,1.4063786799911355,1.3907816144070828,1.429104635149002
14,spectrum,high,8,10,5,28,1871190.7289375002,1869090.0090625,1872718.71334375,49360.0669375,49010.9453125,49488.011625,37.91707948746501,37.83066138417803,38.17723391491976,16838.4168875,16825.58365625,16853.25359475,1092.6938565,1089.9159909999998,1100.28393475,15.40966005865696,15.30396484653724,15.43640050602439,1.3541814102666074,1.3510950494349294,1.3634726398185628
14,spectrum,natural,8,10,5,28,1873017.236,1870503.2027187499,1873939.1958437501,11419.064750000001,8041.4335625,13799.9879375,164.33075188635854,135.65540629370665,239.35414734605925,16858.0458075,16837.29281475,16866.376035,788.316585,761.1887389999999,811.4063325,21.352954643245596,20.785137577125813,22.14989053319743,5.868955424512805,4.8448359390609514,8.548362405216402
15,max,high,8,10,5,15,4111.29375,4108.3035,4113.45840625,93.0023125,91.3833125,104.004625,44.235029376827086,39.62591608897329,44.996282087311,40.747187499999995,40.7133365,40.78326125,6.383651,6.3543235,6.48311575,6.384934924232854,6.283138930803398,6.410741277109197,2.9490019584551392,2.6417277392648857,2.999752139154067
15,max,natural,388,10,5,15,4101.137698453608,4099.440603092784,4102.940912371134,3.3889974226804123,1.684819587628866,5.54016043814433,1272.511689235696,743.5572132774884,2482.3519245255097,1599.01776,1598.38129725,1599.82162975,7.0282605,6.285676499999999,7.9088175000000005,227.7649759545888,202.22612644482416,254.43847078051,84.83411261571305,49.57048088516589,165.49012830170065
15,min,static,2,10,5,2184.5333333333333,7762874.2305,7759049.470625,7772985.146875,2531.36825,2509.681625,2552.114125,3065.2649256873965,3050.6126340889837,3090.675540588724,23290.574791500003,23280.942054,23310.18664825,11.515778000000001,11.40533525,11.581477,2026.8735690272365,2011.2213523817647,2040.0962955207935,1.4031669276523115,1.396459640848839,1.4147989840341448
15,spectrum,high,2,10,5,30,7757886.96525,7749529.60425,7764855.103,165660.33575,164336.553,166294.052125,46.81905748236457,46.644381425943614,47.14459805654511,23280.0336505,23249.55033125,23297.61387675,3080.655185,3077.9529700000003,3090.6739669999997,7.551281517512219,7.533633114977413,7.5636011787871364,1.5606352494121523,1.5548127141981205,1.571486601884837
15,spectrum,natural,2,10,5,30,7765059.60775,7753533.5797500005,7781941.5805,32874.4335,22571.087875,52197.05,246.5570044152193,149.51777009877418,344.7203770980261,23288.681323999997,23261.601414,23362.6789305,2822.6431595,2799.5217625,2867.39530375,8.256173712634883,8.159924394315496,8.3191265575251,8.218566813840644,4.98392566995914,11.490679236600872
16,max,high,6,10,5,16,9017.633333333335,9009.213291666667,9020.496500000001,193.96224999999998,189.33666666666667,205.27495833333333,46.51228265513612,43.95700353679192,47.58313002205824,71.237674,71.17313875,71.34681225,13.574463000000002,13.51506575,13.671719,5.25593200386086,5.210186182805408,5.267727818857931,2.9070176659460074,2.747312721049495,2.97394562637864
16,max,natural,110,10,5,16,9007.653854545453,9005.35141818182,9008.889013636363,6.828172727272728,3.196909090909091,9.034618181818182,1322.87893969848,1000.0638319206253,3054.39597521994,1008.0546294999999,1007.759395,1008.21603525,13.209048500000002,12.795834000000001,13.526097,76.3265722637229,74.47093983182646,78.75104405822657,82.679933731155,62.50398949503908,190.89974845124624
16,min,static,2,10,5,4096.0,32040068.676,31978796.12975,32060862.896375,5983.9275,5863.808625,6078.2185,5345.1297128829465,5289.527774944791,5464.790176389497,96082.4447965,95973.41347599999,96181.75750549999,26.615488,26.21065575,26.864742,3611.2299151421757,3584.0319758493115,3667.456962061699,1.304963308809313,1.2913886169298807,1.334177289157592
16,spectrum,high,2,10,5,32,32068542.2965,31973142.450999998,32097374.671375,655338.74375,654334.76275,659422.919875,48.87552608322041,48.55362080491067,48.980657190770565,96214.543711,95962.02447900001,96300.43727875,12159.6785245,12147.589817249998,12198.70195075,7.896076932459277,7.886327106140145,7.919244791101624,1.5273601901006377,1.5173006501534585,1.5306455372115801
16,spectrum,natural,2,10,5,32,32017628.74375,31948067.674625,32105193.064499997,87417.99375,66561.752625,127281.158,370.74090722933084,252.4915319726977,480.7507046606595,96059.522048,95835.95750749999,96301.96138674999,11060.9826605,11008.23059875,11140.68687125,8.694900424173962,8.636228629036786,8.717303382019509,11.585653350916589,7.890360374146803,15.02345952064561
