input,n,steps,baseline,baseline_us,rank_us,baseline_over_rank,baseline_total_ms,rank_total_ms,baseline_total_over_rank,static_us,baseline_over_static,static_over_rank,static_total_ms,baseline_total_over_static,static_total_over_rank
AES,8,4096,peigen,3.71923583984375,0.20191259765625,18.420028680803934,15.276969,0.847802,18.019501015567315,0.723630126953125,5.13969181397097,3.5838780509628383,2.98605,5.1161129251017226,3.5221077562921534
CLEFIA_S0,8,4096,peigen,3.728478271484375,0.198946533203125,18.74110702737196,15.313643,0.838811,18.256368836364807,0.721114501953125,5.170438621586256,3.624664830006688,2.978712,5.141028404223034,3.551112229095708
CLEFIA_S1,8,4096,peigen,3.725297119140625,0.204623779296875,18.205592389806462,15.295752,0.864089,17.701593238659445,0.717404541015625,5.192742596620236,3.5059685803906033,2.96084,5.166017751719107,3.4265451822671045
MISTY1_FI_key0000,16,128,bitwise,50246.98715625,49.7596640625,1009.7935366512503,8813.447317,7.686024,1146.6848551344624,301.5592890625,166.62390773124554,6.060316015874429,39.936743,220.685179985759,5.196021115729017
MISTY1_S9,9,1024,bitwise,6.1824501953125,0.280052734375,22.07602153612252,6.505162,0.313646,20.740458988796288,1.4027470703125,4.407387708131297,5.0088676100343825,1.465722,4.438196329181114,4.673172940193722
PRESENT,4,262144,peigen,0.06202595901489258,0.034415874481201175,1.8022485248420095,16.273826,9.035637,1.801071247107426,0.05436219787597656,1.1409759251529958,1.5795675308401818,14.263484,1.1409432646329607,1.5785809013797258
random_n03_00,3,262144,peigen,0.05099763488769531,0.017182472229003907,2.9680033354927597,13.382526,4.517052,2.962668129567692,0.03289238739013672,1.5504388381059786,1.91429888270761,8.638709,1.5491349459739876,1.9124661394201354
random_n03_01,3,262144,peigen,0.050844844818115235,0.017853199005126955,2.847940293698288,13.346843,4.700837,2.8392482019691387,0.034111942291259766,1.4905291637744946,1.9106907552794175,8.954229,1.4905630624367547,1.9048158870430947
random_n03_02,3,262144,peigen,0.05077927017211914,0.01885626983642578,2.6929647598713187,13.324411,4.955456,2.6888365066706275,0.03494390869140625,1.4531651459073118,1.853171862438191,9.173297,1.4525214870945529,1.8511509334357927
random_n03_03,3,262144,peigen,0.05087853240966797,0.02270003890991211,2.2413411982061207,13.350772,5.962325,2.239188907011946,0.037750732421875,1.3477495440641025,1.663025009414892,9.908667,1.3473832554873426,1.661879719740202
random_n03_04,3,262144,peigen,0.05082599258422851,0.017206027984619142,2.953964310046631,13.335817,4.522876,2.9485258937012646,0.03300422286987305,1.5399845281805908,1.918177914122671,8.66509,1.539028100112059,1.9158362953129822
random_n03_05,3,262144,peigen,0.05071866607666015,0.019048439025878907,2.6626153464729883,13.307923,5.004951,2.6589517060206984,0.03470818710327148,1.4612882524157988,1.8221013835368605,9.110821,1.4606722050625296,1.8203616778665763
random_n03_06,3,262144,peigen,0.05087080764770508,0.01750426483154297,2.906195040881412,13.348998,4.604484,2.899130065388434,0.03353738021850586,1.5168390409825354,1.9159547996595068,8.804202,1.5162076017792412,1.9120930814397443
random_n03_07,3,262144,peigen,0.05082442474365234,0.017113037109375,2.9699242991654184,13.336148,4.499692,2.963791299493388,0.03302677917480469,1.5388852928905956,1.9299192167772312,8.670833,1.53804692121276,1.9269836691044633
random_n03_08,3,262144,peigen,0.050809017181396486,0.017906078338623045,2.8375290345850033,13.331728,4.70645,2.832650511532046,0.03464708709716797,1.4664729833969097,1.9349344084145388,9.095386,1.465768247768704,1.9325364127952063
random_n03_09,3,262144,peigen,0.05074428558349609,0.020957305908203126,2.421317215378992,13.314769,5.505719,2.418352444067705,0.035660289764404295,1.4229913979596565,1.7015684134498468,9.36106,1.4223569766671722,1.7002429655418303
random_n04_00,4,262144,peigen,0.06211944580078125,0.021304561614990235,2.9157814614252846,16.297541,5.597903,2.9113653809292517,0.04889808654785156,1.270386025023521,2.2951932751080912,12.829997,1.270268496555377,2.2919291384648863
random_n04_01,4,262144,peigen,0.06210441970825195,0.0283690185546875,2.1891634914522005,16.293862,7.449437,2.187260862800773,0.04568768692016602,1.3593251025549244,1.610478234630958,11.997291,1.3581284308265924,1.6104963368372671
random_n04_02,4,262144,peigen,0.06236147689819336,0.03435214233398438,1.815359178821855,16.367503,9.017947,1.8149921484346714,0.05538606643676758,1.125941611495183,1.6123031250360902,14.531003,1.1263849439711766,1.6113426925219234
random_n04_03,4,262144,peigen,0.06218425750732422,0.033961910247802735,1.8309999953947647,16.3145,8.91545,1.8299132404982361,0.05551404190063477,1.120153665240743,1.6345971559190022,14.566685,1.119987148757593,1.6338698551391124
random_n04_04,4,262144,peigen,0.06234488296508789,0.034210208892822266,1.8224057958958746,16.36174,8.979859,1.8220486535479012,0.05490858840942383,1.135430444873498,1.605035168930066,14.406255,1.1357386079866003,1.604285212050657
random_n04_05,4,262144,peigen,0.06217224884033203,0.03210259246826172,1.9366737718082652,16.310901,8.42745,1.9354491572183756,0.047313724517822266,1.3140425843438475,1.473828774563894,12.415939,1.313706599235064,1.4732735287661154
random_n04_06,4,262144,peigen,0.06229051208496094,0.03390578079223633,1.837164950326821,16.342444,8.902259,1.8357637089642078,0.054872756958007814,1.1351810176519774,1.6183894213865873,14.396091,1.1352001039726687,1.6171278548512236
random_n04_07,4,262144,peigen,0.06223927307128906,0.03043288803100586,2.0451319969329886,16.329314,7.99108,2.0434426885977865,0.05068154144287109,1.2280461741962998,1.665354316397292,13.299163,1.2278452410877285,1.664251014881593
random_n04_08,4,262144,peigen,0.06227586364746094,0.03207969284057617,1.9412861574750173,16.337453,8.422399,1.9397624121108485,0.050040023803710934,1.2445210636139346,1.5598660514734588,13.130051,1.2442794776653952,1.5589443102849911
random_n04_09,4,262144,peigen,0.06223380661010742,0.03192724609375,1.9492381656521938,16.326778,8.382205,1.9477903487208914,0.04250202178955078,1.4642552045702386,1.3312147770198968,11.155572,1.4635536393830815,1.3308636569971741
random_n05_00,5,32768,peigen,0.3052959899902344,0.10087704467773438,3.0264168718021476,10.01721,3.318138,3.018925071832456,0.14326394653320312,2.1310036291613565,1.4201838187357643,4.707182,2.1280694054319547,1.4186215280979877
random_n05_01,5,32768,peigen,0.31133929443359376,0.07844415283203125,3.9689292725265304,10.215057,2.583168,3.954468698899955,0.13843130493164063,2.2490526589151028,1.7647115805821376,4.550059,2.2450383610410327,1.7614258925474455
random_n05_02,5,32768,peigen,0.31066241455078125,0.08620932006835938,3.6035827020146147,10.193818,2.838138,3.591727393100688,0.1359918518066406,2.284419326773307,1.5774611341187512,4.468509,2.2812571262584456,1.5744509252192813
random_n05_03,5,32768,peigen,0.30718878173828124,0.0782860107421875,3.923929432934312,10.079142,2.577895,3.90983418641954,0.13501211547851563,2.2752682649962916,1.724600783697349,4.437548,2.2713313748944235,1.721384307739454
random_n05_04,5,32768,peigen,0.3129112243652344,0.10024752807617188,3.12138593709236,10.267057,3.297269,3.1138063045508266,0.14297488403320313,2.1885747729829728,1.4262185489956958,4.698021,2.185400405830455,1.4248218753156021
random_n05_05,5,32768,peigen,0.31511697387695314,0.100017822265625,3.1506082290021555,10.340187,3.291246,3.1417241373024076,0.14203366088867186,2.218607701198004,1.4200835178300741,4.666598,2.2157869608652816,1.4178818599399738
random_n05_06,5,32768,peigen,0.31436083984375,0.099252197265625,3.167293505880154,10.314337,3.270238,3.1540019411431217,0.14139865112304686,2.223223753175618,1.4246400081665382,4.64584,2.220123163948823,1.4206427789047769
random_n05_07,5,32768,peigen,0.31880715942382815,0.1019149169921875,3.128169740336118,10.461538,3.351555,3.1213982763224832,0.14335812377929688,2.223851366209557,1.4066451507808844,4.709507,2.2213658457244034,1.4051707341815964
random_n05_08,5,32768,peigen,0.31460922241210937,0.09949139404296875,3.162175235741844,10.323468,3.272202,3.1548993613474963,0.141618896484375,2.2215200811624785,1.4234286075357638,4.653438,2.2184604157184427,1.4221120823225462
random_n05_09,5,32768,peigen,0.316498046875,0.1001116943359375,3.1614493089383804,10.385271,3.292729,3.1540011340137615,0.14505917358398437,2.1818547497222456,1.448973314718058,4.765357,2.1793269633313934,1.4472363197821625
random_n06_00,6,16384,peigen,0.542581787109375,0.122921142578125,4.414063974100519,8.90654,2.034678,4.377370768249325,0.224836669921875,2.4132263980689106,1.8291130818197165,3.701616,2.4061220828956866,1.819263785227933
random_n06_01,6,16384,peigen,0.5438487548828125,0.12279266357421875,4.429000390191044,8.926195,2.024324,4.4094695315572014,0.22600823974609374,2.4063226875878194,1.8405679392196674,3.716149,2.4020013729266507,1.835748131228005
random_n06_02,6,16384,peigen,0.5497865600585937,0.124316650390625,4.422469221388018,9.028261,2.049543,4.405011751400191,0.2248880615234375,2.444712077351851,1.8089938943560595,3.698217,2.4412469576555407,1.8044105442042446
random_n06_03,6,16384,peigen,0.54705322265625,0.12396051025390625,4.413124966456898,8.977764,2.04435,4.391500476924206,0.22636175537109374,2.4167210656209126,1.8260795708846367,3.72134,2.412508397512724,1.8203047423386405
random_n06_04,6,16384,peigen,0.5475634155273438,0.12212091064453125,4.48378097278678,8.986845,2.015113,4.459722606126803,0.2256240234375,2.426884368007133,1.8475461921033731,3.710616,2.421928057228234,1.8413935099421224
random_n06_05,6,16384,peigen,0.5505238037109375,0.12170440673828126,4.523450041499394,9.045391,2.006563,4.507902816906323,0.22575433349609375,2.438596837479814,1.8549396816958834,3.716991,2.433525128255624,1.852416794289539
random_n06_06,6,16384,peigen,0.553177001953125,0.12390972900390625,4.464354868661573,9.082426,2.042937,4.445769008050664,0.2238516845703125,2.471176408678624,1.8065706895643003,3.681037,2.4673552588577623,1.8018357883772238
random_n06_07,6,16384,peigen,0.5447621459960937,0.122969482421875,4.4300596803942165,8.940307,2.030639,4.40270624172982,0.22549249267578125,2.4158770854485447,1.8337272649662586,3.709023,2.4104210192279747,1.826529974062352
random_n06_08,6,16384,peigen,0.5531372680664063,0.122147216796875,4.528447578025844,9.077996,2.023021,4.487346399271189,0.22802520751953126,2.4257724577184208,1.866806411960465,3.758147,2.4155510681194747,1.8576905528909489
random_n06_09,6,16384,peigen,0.5488634643554687,0.12266668701171875,4.474429673828511,9.015903,2.024856,4.452614408135689,0.22623211669921875,2.4261076294715327,1.8442832541617926,3.728016,2.418418536830314,1.8411264801052518
random_n07_00,7,8192,peigen,1.9208094482421876,0.1564105224609375,12.280564107967205,15.76056,1.297803,12.14403110487493,0.4001348876953125,4.800404831744666,2.5582350944147225,3.29307,4.785977826162213,2.537419007353196
random_n07_01,7,8192,peigen,1.9292335205078126,0.1599000244140625,12.065248442439543,15.821571,1.323813,11.951515055374136,0.3981368408203125,4.845654364797947,2.4899110696151845,3.276552,4.828725745845023,2.4750867380815875
random_n07_02,7,8192,peigen,1.9161759033203125,0.1579779052734375,12.129391765283138,15.718763,1.30917,12.006663000221515,0.3997103271484375,4.793911423281081,2.5301660156627297,3.28848,4.779947878655184,2.5118815738215816
random_n07_03,7,8192,peigen,1.9258687744140626,0.1569549560546875,12.270200462755925,15.79563,1.301802,12.133665488300064,0.3981099853515625,4.837529439793801,2.5364601116058405,3.27549,4.822371614628651,2.5161199629436735
random_n07_04,7,8192,peigen,1.9163839111328125,0.1587645263671875,12.070605159622605,15.715566,1.314632,11.95434615922935,0.398087890625,4.813971879737613,2.5074108160932003,3.275499,4.797915065765553,2.4915710251994474
random_n07_05,7,8192,peigen,1.9126937255859375,0.156707763671875,12.205481596884129,15.686758,1.297442,12.090527360760635,0.3995953369140625,4.78657669120219,2.549939629990263,3.288399,4.770332918845918,2.5345248573732007
random_n07_06,7,8192,peigen,1.9183170166015624,0.154150634765625,12.444431510244678,15.732404,1.276965,12.320152862451204,0.3976485595703125,4.824151805489853,2.5796102635250815,3.272211,4.807881887812247,2.5624907495506926
random_n07_07,7,8192,peigen,1.9264952392578125,0.1568143310546875,12.285198848222397,15.800442,1.298104,12.171938457935575,0.396371337890625,4.860329330344796,2.527647410952474,3.261557,4.844447605852052,2.5125544640491055
random_n07_08,7,8192,peigen,1.9252581787109375,0.1565645751953125,12.296895235139878,15.79107,1.297582,12.169612402144912,0.399755615234375,4.816087893054778,2.5532954356736477,3.289562,4.800356400031371,2.5351476823815373
random_n07_09,7,8192,peigen,1.92498046875,0.158032958984375,12.180879742562603,15.78679,1.311796,12.034485545008524,0.3992662353515625,4.82129541220788,2.5264744640454317,3.285773,4.804589361468367,2.504789616678203
random_n08_00,8,4096,peigen,3.733323974609375,0.201572509765625,18.520997624875704,15.329081,0.8512,18.008788768796993,0.71895361328125,5.192718842556151,3.5667245207057303,2.969551,5.162087130343948,3.4886642387218045
random_n08_01,8,4096,peigen,3.70107421875,0.203933837890625,18.148406645173726,15.193889,0.86011,17.665053307135132,0.720245849609375,5.138626235412916,3.5317623453723335,2.972389,5.111675827087235,3.4558242550371463
random_n08_02,8,4096,peigen,3.7295751953125,0.199857177734375,18.66120215241597,15.314699,0.845366,18.116057423648456,0.721525634765625,5.1690127358038875,3.610206263017414,2.982291,5.135212827990293,3.527810439501944
random_n08_03,8,4096,peigen,3.73669580078125,0.1960322265625,19.061640355290752,15.336969,0.827355,18.537349747085592,0.7178623046875,5.20530995482192,3.661960674912946,2.969822,5.164272134828282,3.589537743773834
random_n08_04,8,4096,peigen,3.7397744140625,0.19456396484375,19.221310673154868,15.348777,0.819827,18.721970610872784,0.7149794921875,5.2306037514734225,3.6747785889421207,2.959468,5.186329772783487,3.6098689113678866
random_n08_05,8,4096,peigen,3.766048583984375,0.2017509765625,18.666817123523064,15.467231,0.850878,18.17796558378522,0.718867919921875,5.238860268508937,3.5631446854443283,2.970885,5.206270522083487,3.491552255434974
random_n08_06,8,4096,peigen,3.751655029296875,0.203681884765625,18.419188498839123,15.404616,0.858767,17.938062361502016,0.718192626953125,5.223744840173273,3.5260505752857854,2.967807,5.19057202843716,3.4558931584469366
random_n08_07,8,4096,peigen,3.757444580078125,0.201244384765625,18.67105303064308,15.423149,0.851129,18.12081247378482,0.72102392578125,5.211261992459996,3.582827548808257,2.97751,5.179881511732958,3.4983063671899326
random_n08_08,8,4096,peigen,3.7331650390625,0.20318994140625,18.372784662595855,15.329252,0.854016,17.9496075014988,0.71974169921875,5.186812217653496,3.542211264187171,2.976197,5.150617381846699,3.4849429050509593
random_n08_09,8,4096,peigen,3.763036376953125,0.20206689453125,18.622725833850854,15.443476,0.855389,18.05433083661352,0.72079638671875,5.220664873312464,3.567117653739552,2.978532,5.184928682988802,3.482078913804129
random_n09_00,9,1024,bitwise,6.1036650390625,0.2513720703125,24.281397020259906,6.283781,0.285621,22.000416636031666,1.381947265625,4.416713423794832,5.497616596414212,1.450025,4.33356735228703,5.076745057261195
random_n09_01,9,1024,bitwise,6.0512587890625,0.2588505859375,23.377419707767586,6.230268,0.292928,21.26893980773432,1.385333984375,4.368086582234936,5.351867291926825,1.44769,4.303592619966982,4.9421359514966126
random_n09_02,9,1024,bitwise,6.0529619140625,0.2655166015625,22.796924480210674,6.23584,0.304816,20.457718754921,1.3881240234375,4.36053393779121,5.228012166729806,1.451097,4.297328159316709,4.760567030602068
random_n09_03,9,1024,bitwise,6.043966796875,0.259615234375,23.280478171573016,6.22298,0.296205,21.00903090764842,1.38534375,4.362792120637928,5.336141976934015,1.449644,4.292764292474566,4.894056481153255
random_n09_04,9,1024,bitwise,6.0699833984375,0.259115234375,23.425806719078594,6.254323,0.293049,21.342243106101712,1.3855498046875,4.380920395572887,5.347234052175748,1.44771,4.320149063002949,4.940163590389321
random_n09_05,9,1024,bitwise,6.11440234375,0.2554736328125,23.933594541388732,6.298595,0.289349,21.768158866973792,1.3804111328125,4.429406716890419,5.403340914737868,1.440413,4.372770170777409,4.978116392315162
random_n09_06,9,1024,bitwise,6.0269541015625,0.2552001953125,23.616573232564814,6.206963,0.290883,21.33834909568452,1.37982421875,4.367914419579034,5.406830574954559,1.44305,4.301280620907106,4.9609293083473425
random_n09_07,9,1024,bitwise,6.074466796875,0.256423828125,23.689166647624706,6.256388,0.290041,21.570702073155175,1.3838662109375,4.389489929636951,5.396792572111906,1.4474,4.322501036341025,4.990328953492782
random_n09_08,9,1024,bitwise,6.1129150390625,0.2546123046875,24.008718064766054,6.295248,0.287496,21.89681943400952,1.383337890625,4.418960169088298,5.433114838353348,1.446076,4.3533313601774735,5.029899546428473
random_n09_09,9,1024,bitwise,6.048380859375,0.2621396484375,23.073124937134686,6.228803,0.296296,21.022231147231146,1.3851494140625,4.366590923672072,5.284013396366292,1.448231,4.300973394437766,4.8877845127845125
random_n10_00,10,512,bitwise,15.76004296875,0.317728515625,49.60223018619719,8.123749,0.196615,41.318053047834596,2.878458984375,5.475166766071527,9.059492122426649,1.514926,5.362472490405472,7.70503776415838
random_n10_01,10,512,bitwise,15.750509765625,0.309251953125,50.930995282214525,8.122245,0.193668,41.93901418923105,2.881689453125,5.4657207245369985,9.31825789297511,1.510255,5.378061982910171,7.798164900757998
random_n10_02,10,512,bitwise,15.9450625,0.315947265625,50.46748060458072,8.218678,0.198199,41.466798520678715,2.8763828125,5.5434424203576,9.103996538188113,1.50786,5.450557744087648,7.607808313866367
random_n10_03,10,512,bitwise,15.9149140625,0.3128125,50.87684815184815,8.205539,0.199221,41.18812273806476,2.8846640625,5.517077107657141,9.221703296703298,1.513482,5.421629725361782,7.597000316231722
random_n10_04,10,512,bitwise,15.915580078125,0.3087421875,51.54974189630305,8.207002,0.197016,41.65652535834653,2.887755859375,5.511400843134165,9.353292087350388,1.515036,5.417034314696152,7.689913509562675
random_n10_05,10,512,bitwise,15.8085546875,0.32733984375,48.29401305504838,8.156104,0.202769,40.223623926734355,2.882119140625,5.4850455224664465,8.804669506796023,1.511377,5.396472223674172,7.453688680222322
random_n10_06,10,512,bitwise,15.723552734375,0.30923046875,50.847359246112454,8.108704,0.193558,41.892889986464,2.87845703125,5.46249346913019,9.308452180943117,1.509262,5.372628476699207,7.797466392502506
random_n10_07,10,512,bitwise,15.728171875,0.327908203125,47.965167461834895,8.110999,0.204323,39.6969455225305,2.876794921875,5.467255157955053,8.77317155978057,1.51237,5.363104928026871,7.401858821571727
random_n10_08,10,512,bitwise,15.878580078125,0.316962890625,50.09602242967618,8.188899,0.197938,41.371030322626275,2.887599609375,5.498885658029924,9.110213513263703,1.514885,5.405624189294897,7.653330840970405
random_n10_09,10,512,bitwise,15.896392578125,0.315240234375,50.42628080023296,8.196978,0.198639,41.26570310966124,2.887580078125,5.505091511937237,9.159935069360545,1.513061,5.417480194123039,7.617139635217656
random_n11_00,11,256,bitwise,42.625203125,0.39380078125,108.24052453552616,11.023229,0.153095,72.00254090597342,5.849203125,7.287352176712106,14.853203455903504,1.553686,7.094888542472547,10.148509095659557
random_n11_01,11,256,bitwise,43.31965625,0.38780859375,111.70370370370371,11.221267,0.150368,74.62536576931261,5.86019921875,7.392181499802361,15.111060747993031,1.554969,7.216392738376134,10.341089859544583
random_n11_02,11,256,bitwise,42.9930078125,0.40080859375,107.26568362782265,11.126097,0.154909,71.82343827666566,5.8497109375,7.349595265791711,14.59477423567593,1.549245,7.181625243263654,10.00100058744166
random_n11_03,11,256,bitwise,43.32400390625,0.40656640625,106.56070752586928,11.200759,0.156071,71.7670739599285,5.8583984375,7.395195865977663,14.409450331952998,1.551801,7.217909383999624,9.942917005721755
random_n11_04,11,256,bitwise,42.689921875,0.40284765625,105.9703866031863,11.041201,0.155951,70.79916768728638,5.86724609375,7.275972610127063,14.564429016086649,1.556481,7.093694686925185,9.980577232592289
random_n11_05,11,256,bitwise,42.90389453125,0.390515625,109.86473212499502,11.091487,0.152914,72.53414991433094,5.87233984375,7.306098705597416,15.037400472132198,1.554337,7.135831547470079,10.164778895326785
random_n11_06,11,256,bitwise,43.35944140625,0.38722265625,111.9754763994391,11.214391,0.153295,73.15562151407418,5.8716328125,7.384562827897373,15.163453681566443,1.561183,7.183264870293874,10.184174304445678
random_n11_07,11,256,bitwise,43.2584609375,0.39184765625,110.39612014394943,11.187298,0.154478,72.42000802703298,5.85001953125,7.394584019150576,14.929321224567104,1.552262,7.207093905539142,10.048434081228395
random_n11_08,11,256,bitwise,43.402703125,0.40574609375,106.97010715214064,11.230568,0.156161,71.91659889473044,5.87218359375,7.391237421662912,14.472557306659223,1.557364,7.211267243881328,9.97281011264016
random_n11_09,11,256,bitwise,43.06199609375,0.40825,105.47947604102878,11.13618,0.156392,71.20683922451276,5.84821875,7.363266993689317,14.32509185548071,1.552662,7.172314386518122,9.92801422067625
random_n12_00,12,128,bitwise,136.709484375,0.50703125,269.62733436055464,17.775795,0.153365,115.90516089068561,12.3418359375,11.076916357283247,24.34137134052388,1.668982,10.650681073852203,10.882417761549245
random_n12_01,12,128,bitwise,137.160375,0.500375,274.1151636272795,17.828227,0.153966,115.7932725406908,12.321796875,11.131523785973787,24.62512490632026,1.669153,10.681002280797504,10.841049322577714
random_n12_02,12,128,bitwise,136.97134375,0.4994375,274.25122012263796,17.810536,0.155108,114.82667560667406,12.3096640625,11.127139055505804,24.647056063070956,1.670737,10.660287046973881,10.771443123501044
random_n12_03,12,128,bitwise,136.937515625,0.4906640625,279.08609187166627,17.813333,0.155781,114.34855983720736,12.30871875,11.125245316455054,25.08583711487939,1.668301,10.677529414655988,10.709271348880801
random_n12_04,12,128,bitwise,137.9183046875,0.525203125,262.5999315740934,17.923257,0.160511,111.66373021163659,12.298453125,11.214280632345787,23.41656501948651,1.665173,10.763600538802875,10.374198653051817
random_n12_05,12,128,bitwise,137.0275625,0.499515625,274.32087334605393,17.802296,0.159861,111.36109495123888,12.307703125,11.133479667840135,24.639275548187307,1.666256,10.68401014009852,10.423155116007031
random_n12_06,12,128,bitwise,137.066171875,0.4981015625,275.1771570180529,17.821992,0.160682,110.9146761927285,12.321796875,11.123878543485567,24.737519017519645,1.666396,10.694932056966053,10.370769594603004
random_n12_07,12,128,bitwise,136.4687734375,0.5273125,258.8005659594643,17.73882,0.159329,111.33453420281305,12.35021875,11.049907390304321,23.4210619888586,1.672189,10.608142979053206,10.49519547602759
random_n12_08,12,128,bitwise,135.6321484375,0.493328125,274.9329332024198,17.64388,0.154096,114.49927318035509,12.33846875,10.992624059407696,25.01067367687581,1.671448,10.55604481862433,10.846796801993563
random_n12_09,12,128,bitwise,136.9235,0.5095390625,268.7203201422854,17.787893,0.157996,112.5844515051014,12.323515625,11.110749900152781,24.1856150626332,1.66827,10.66247849568715,10.558938200967113
random_n13_00,13,128,bitwise,492.5344921875,0.694265625,709.4323475795018,63.764832,0.248575,256.521500553153,26.3122265625,18.71884505925685,37.89936533657417,3.525509,18.086702374040172,14.182878406919441
random_n13_01,13,128,bitwise,490.3773125,0.60209375,814.4534177609385,63.493233,0.23771,267.10375247149886,26.2964765625,18.648023484610135,43.67505319977163,3.520266,18.036487299539296,14.809078288671069
random_n13_02,13,128,bitwise,493.4348515625,0.5993515625,823.2811632363101,63.870275,0.231024,276.4659732322183,26.2805859375,18.775641179994143,43.84836476921673,3.520347,18.14317594259884,15.238014232287554
random_n13_03,13,128,bitwise,491.303515625,0.636078125,772.3949249551696,63.607648,0.237559,267.75515977083586,26.285125,18.69131364697714,41.323736765825736,3.515756,18.09216794339539,14.799506648874596
random_n13_04,13,128,bitwise,490.812296875,0.586984375,836.159049165491,63.543369,0.231285,274.7405538621182,26.2830078125,18.674129702977655,44.776332951792796,3.520557,18.0492373791988,15.221726441403465
random_n13_05,13,128,bitwise,489.4168828125,0.6323203125,774.0015197005077,63.372333,0.236527,267.9285366998271,26.28590625,18.618984567537975,41.57055487601468,3.514654,18.03088810449051,14.85941985481573
random_n13_06,13,128,bitwise,492.830875,0.649703125,758.5477982732498,63.797176,0.236908,269.29093150083577,26.293890625,18.743170496473457,40.47062360212597,3.516488,18.14229879356904,14.843264051868235
random_n13_07,13,128,bitwise,492.5850625,0.650640625,757.077015441512,63.771416,0.240056,265.6522478088446,26.2830078125,18.74157881830139,40.395583679546604,3.522411,18.104479005999018,14.673288732629054
random_n13_08,13,128,bitwise,491.7965234375,0.606953125,810.2710130003862,63.660658,0.22899,278.0062797502074,26.267109375,18.722902334490318,43.27699832668297,3.51741,18.098731168672405,15.36053976156164
random_n13_09,13,128,bitwise,492.7517734375,0.6033515625,816.6909710083,63.794198,0.229722,277.7017351407353,26.290921875,18.742278257882504,43.57479703220293,3.518051,18.133392040081286,15.314384342814357
random_n14_00,14,128,bitwise,1834.6294921875,0.81125,2261.4847361325114,237.118736,0.370137,640.6242445364825,56.7426484375,32.33246143257269,69.94471302003082,7.53559,31.466512376602232,20.358921156220536
random_n14_01,14,128,bitwise,1841.1900625,0.8480546875,2171.0746837891866,237.966086,0.378275,629.0822443989161,56.71390625,32.46452562064529,66.87529364077714,7.525616,31.62081163854228,19.894563478950502
random_n14_02,14,128,bitwise,1835.067828125,0.77359375,2372.133730559483,237.216028,0.365516,648.9894505302093,56.7371640625,32.343312508597414,73.34232478287215,7.523882,31.528408871909473,20.584275380557898
random_n14_03,14,128,bitwise,1839.4975234375,0.802953125,2290.9152055887444,237.747246,0.383508,619.9277355361556,56.7945625,32.38862036198448,70.7321022008601,7.542164,31.52241796916641,19.666249465460954
random_n14_04,14,128,bitwise,1837.678140625,0.8400703125,2187.5289642794037,237.563028,0.373936,635.3039771511703,56.7067734375,32.4066778839113,67.50241330245794,7.532822,31.53705583378978,20.144682512515512
random_n14_05,14,128,bitwise,1835.686328125,0.8010703125,2291.5420774939776,237.299305,0.374647,633.394381911506,56.728703125,32.359039198906416,70.81613466358485,7.531028,31.509550223422355,20.10166369942906
random_n14_06,14,128,bitwise,1836.7897421875,0.76434375,2403.093820270657,237.440031,0.364844,650.7987824933397,56.7935390625,32.341526386763015,74.30366122899547,7.530908,31.528738765630916,20.641446755325564
random_n14_07,14,128,bitwise,1828.4930234375,0.7948046875,2300.556416179289,236.340143,0.370066,638.6432231007442,56.7184453125,32.23806670586798,71.3614881800757,7.530276,31.38532279560537,20.348467570649557
random_n14_08,14,128,bitwise,1835.089296875,0.79715625,2302.044670508448,237.228909,0.368382,643.9753000960959,56.843421875,32.283230606883656,71.30775412599475,7.539969,31.462849383067752,20.467799729628485
random_n14_09,14,128,bitwise,1844.67278125,0.830203125,2221.9535505241565,238.403875,0.375179,635.4403498063591,56.7714609375,32.4929595044385,68.38261532381006,7.530356,31.659044406399907,20.07136860005491
random_n15_00,15,128,bitwise,7681.70128125,1.0939375,7022.065960121122,991.882856,0.716258,1384.8122548020406,119.551375,64.25439507701188,109.28537964920298,15.87922,62.464205168767734,22.169693043568103
random_n15_01,15,128,bitwise,7532.720765625,1.06990625,7040.54281917224,972.513535,0.714163,1361.752898147902,119.3953125,63.09059047544266,111.59418173321261,15.85719,61.32950005644128,22.203880626691664
random_n15_02,15,128,bitwise,7503.9429921875,1.12321875,6680.749401830677,968.873802,0.720959,1343.868100682563,119.664453125,62.70820445190164,106.53708649806639,15.881165,61.00772846324561,22.02783376031092
random_n15_03,15,128,bitwise,7629.11159375,0.9063125,8417.74950003448,984.978716,0.689325,1428.9032256192652,119.3290625,63.933390859833494,131.66436797462245,15.847697,62.15279835297204,22.99016719254343
random_n15_04,15,128,bitwise,7476.778453125,0.979140625,7636.061932498204,965.439149,0.696713,1385.705662159311,119.5093125,62.562308298150406,122.05530998164845,15.875932,60.81149434250537,22.786903646121143
random_n15_05,15,128,bitwise,7521.8019609375,0.9894765625,7601.7990177887605,971.231997,0.705413,1376.8274712827806,119.3658515625,63.01468856022932,120.63535012988243,15.854642,61.25852586264641,22.475687292408846
random_n15_06,15,128,bitwise,7565.8236640625,0.9945703125,7607.127991830643,976.970736,0.699058,1397.5531872891806,119.4571640625,63.33503497625358,120.10932013667961,15.853269,61.6258221569318,22.678045312406123
random_n15_07,15,128,bitwise,7487.724171875,1.0156328125,7372.471704063815,966.729314,0.70444,1372.3373374595426,119.8319375,62.48521327525895,117.98746163491049,15.924233,60.70806135529417,22.605520697291468
random_n15_08,15,128,bitwise,7611.5535078125,1.1025546875,6903.560969906538,982.772155,0.718783,1367.2723965369244,120.023390625,63.41725115560157,108.85935363183515,15.937855,61.662761707896074,22.173388908752713
random_n15_09,15,128,bitwise,7719.00775,1.19534375,6457.563148675852,996.602003,0.724045,1376.4365515955499,119.3196484375,64.69184121040416,99.82036417348567,15.861978,62.829617025064586,21.907447741507777
random_n16_00,16,128,bitwise,31433.7643515625,1.202078125,26149.51865259381,4056.85309,1.370663,2959.774277119905,253.2888671875,124.10243174364744,210.70915601887353,33.63683,120.60747371259419,24.540554461599974
random_n16_01,16,128,bitwise,30521.2242578125,1.667140625,18307.528351312594,3939.08341,1.434171,2746.592568110776,251.491734375,121.36074505057977,150.85214204710536,33.441925,117.78877591526206,23.31794813868081
random_n16_02,16,128,bitwise,30141.2748984375,1.49690625,20135.71317404647,3890.095149,1.41258,2753.89369026887,252.846234375,119.20792482016769,168.91253836036825,33.573116,115.86935061374703,23.767231590423197
random_n16_03,16,128,bitwise,30678.9650703125,1.3223515625,23200.30916159068,3959.481687,1.396382,2835.52902214437,253.7969921875,120.87993953705926,191.92853049432534,33.718319,117.42820533253749,24.146916101754393
random_n16_04,16,128,bitwise,30441.3578203125,1.3781953125,22087.840195228135,3928.829697,1.407899,2790.5621759799533,254.1011015625,119.80018045228738,184.372344948387,33.74701,116.42008275696128,23.969766297156262
random_n16_05,16,128,bitwise,30453.5460625,1.4548515625,20932.40770911981,3930.44194,1.412459,2782.6945348502154,253.055,120.34358563355792,173.93870723495203,33.627091,116.8831981333146,23.807481137505587
random_n16_06,16,128,bitwise,32181.1861171875,1.4220390625,22630.310914674683,4153.267558,1.411257,2942.956214211869,251.719859375,127.84524112277344,177.01332263859666,33.464863,124.1083090045819,23.71280567607459
random_n16_07,16,128,bitwise,31373.9828359375,1.4608828125,21476.0435043023,4049.057682,1.407318,2877.1448116204015,252.5213046875,124.24291437414918,172.855278005059,33.557114,120.66167793809683,23.8447273466267
random_n16_08,16,128,bitwise,30339.13703125,1.3202421875,22979.97846039138,3915.721709,1.399078,2798.787279193869,251.9339765625,120.42495198627344,190.8240616364185,33.473286,116.98049928531067,23.925246483755732
random_n16_09,16,128,bitwise,30666.3039375,1.4868046875,20625.64383561644,3957.84581,1.420959,2785.334277765931,251.6035859375,121.88341363750561,169.22436958452215,33.448356,118.32706546175244,23.539282977200607
random_n17_00,17,32,bitwise,117444.16396875,1.4853125,79070.33972228067,3879.549644,2.47375,1568.286869732188,761.27934375,154.27210121087697,512.5381653692405,26.81337,144.68713347110042,10.839159171298636
random_n17_01,17,32,bitwise,117474.07259375,1.66075,70735.55477570374,3880.729195,2.483714,1562.4702340929753,759.51534375,154.6697819345404,457.3327374680115,26.776418,144.9308565096347,10.780797628068289
random_n17_02,17,32,bitwise,117494.4210625,2.49765625,47041.87017829215,3881.286353,2.521371,1539.3555145196801,760.7421875,154.4470952092426,304.582421019706,26.812989,144.75396058977236,10.634289440149825
random_n17_03,17,32,bitwise,117543.81396875,1.87653125,62638.87903212376,3882.962443,2.48698,1561.3163125557905,760.09153125,154.64428839964134,405.0513580575863,26.756235,145.1236484879132,10.758524395049417
random_n17_04,17,32,bitwise,119245.24103125,1.44459375,82545.86525190907,3939.076879,2.477859,1589.7098579862698,761.4993125,156.59271003117289,527.137343976464,26.809274,146.92963632659357,10.819531700552774
random_n17_05,17,32,bitwise,119443.45084375,1.3186875,90577.52564102564,3945.645301,2.475132,1594.1151021440473,763.33446875,156.47590372716286,578.8592587326414,26.913833,146.60287522033744,10.873696029141072
random_n17_06,17,32,bitwise,117396.42796875,1.4865625,78971.74048770234,3878.067863,2.480023,1563.7225392667729,762.91771875,153.8782297009667,513.2093125919697,26.825854,144.564563089026,10.816776296026287
random_n17_07,17,32,bitwise,117444.42828125,1.5019375,78195.2832799301,3879.93893,2.460839,1576.6732118598575,758.2051875,154.89794875776948,504.81806832840914,26.736595,145.11716731319,10.864829027823438
random_n17_08,17,32,bitwise,117436.6923125,1.61371875,72773.95290381301,3879.443704,2.461109,1576.299019669588,757.9883125,154.93206211210546,469.715253974709,26.717075,145.20465672233954,10.855705700153875
random_n17_09,17,32,bitwise,117446.89428125,2.021875,58088.108454404944,3879.656321,2.479882,1564.4519864251606,757.19109375,155.10865784169823,374.4994590417311,26.702006,145.29456404885835,10.767450225454276
random_n18_00,18,16,bitwise,470687.7929375,3.0996875,151850.07938300233,8009.643401,4.872442,1643.8663407383813,1604.150875,293.4186554849462,517.5201935679,30.614271,261.6310347876649,6.283147341723103
random_n18_01,18,16,bitwise,469248.200875,5.2195625,89901.82623064672,7985.27965,4.917294,1623.917473716235,1617.2845,290.1457355678608,309.85058613629013,30.825281,259.0496952809611,6.268748828115626
random_n18_02,18,16,bitwise,472701.582625,1.75725,269000.7583582302,8044.257215,4.819905,1668.965926714323,1605.173125,294.486354937571,913.4574619433774,30.587914,262.9880944153302,6.3461653289847
random_n18_03,18,16,bitwise,472104.9540625,9.822125,48065.459771943446,8033.709103,5.016236,1601.541295704588,1604.1730625,294.2980187728342,163.3224035022971,30.585731,262.6619943463179,6.09734689516203
random_n18_04,18,16,bitwise,473126.805875,2.790875,169526.3334527702,8051.370219,4.850169,1660.0184898711777,1606.6270625,294.4845240803978,575.6714516056792,30.621833,262.9290747879136,6.31356000172365
random_n18_05,18,16,bitwise,473800.47,2.41125,196495.78849144635,8062.366321,4.892806,1647.8001214436051,1617.9965625,292.8315677432102,671.0198289269051,30.772888,261.9957646159178,6.28941511271855
random_n18_06,18,16,bitwise,476875.65175,2.8773125,165736.48213393576,8115.419577,4.876796,1664.0883844638981,1620.885,294.2069620916968,563.332971305689,30.838632,263.1575738184495,6.32354357246028
random_n18_07,18,16,bitwise,468928.0988125,2.0209375,232034.93369413947,7980.18711,4.90075,1628.3603754527367,1618.1288125,289.79652002364924,800.682263800835,30.812871,258.9887553808277,6.287378666530633
random_n18_08,18,16,bitwise,469323.42125,1.7503125,268136.93054811645,7986.833117,4.875067,1638.3022257950508,1618.2674375,290.0159827568674,924.5591501517586,30.792244,259.3780796553834,6.316270935353299
random_n18_09,18,16,bitwise,473432.8819375,3.134125,151057.4345112272,8056.318701,4.891866,1646.88049529566,1615.8241875,292.99776894044044,515.5583097355722,30.779931,261.739335965373,6.2920633966670385
random_n19_00,19,8,bitwise,1868965.268375,1.824125,1024581.7958610293,16836.81292,9.891286,1702.186441682103,3405.371625,548.8285785475763,1866.852120879874,37.358483,450.6824573149825,3.7769085839798793
random_n19_01,19,8,bitwise,1867382.08575,4.291125,435173.08066066593,16823.832828,9.909572,1697.7355659760076,3405.925,548.2745761430448,793.7137696990883,37.387775,449.9821887769465,3.772895035224528
random_n19_02,19,8,bitwise,1922321.112,3.261375,589420.4475106358,17317.540733,9.976357,1735.8581627541998,3413.2825,563.1884006085052,1046.5777471158635,37.450415,462.4125188732889,3.7539168856928433
random_n19_03,19,8,bitwise,1878525.112625,2.14375,876279.9359183675,16924.652234,9.890039,1711.282658642701,3417.412375,549.6922543990613,1594.128221574344,37.458639,451.8224016094125,3.787511758042612
random_n19_04,19,8,bitwise,1867339.026375,6.729375,277490.7069935915,16822.763909,9.965375,1688.121511634033,3421.018625,545.842987445004,508.3709296925792,37.512835,448.45354687269037,3.7643174491677436
random_n19_05,19,8,bitwise,1878302.73,4.687,400747.32878173667,16922.529417,9.992589,1693.508000479155,3419.46525,549.2972124808111,729.5637401322808,37.524049,450.97823577087865,3.7551878697302565
random_n19_06,19,8,bitwise,1870820.998875,2.363,791714.3456940331,16854.364952,9.866332,1708.270606746256,3404.906,549.44864817854,1440.9250952179432,37.347153,451.28915052775244,3.7853128193942793
random_n19_07,19,8,bitwise,1872927.02325,2.751375,680724.0100858662,16874.076882,9.958993,1694.3557327533017,3412.994875,548.7635029777184,1240.468811049021,37.470025,450.3353515776945,3.7624311012167597
random_n19_08,19,8,bitwise,1861367.676625,2.933125,634602.2336671639,16768.318372,9.956109,1684.2240650438844,3422.185375,543.9119955987188,1166.7369699552526,37.552904,446.52521072671243,3.771845406674435
random_n19_09,19,8,bitwise,1862922.4085,3.76125,495293.42864739115,16783.983725,10.014539,1675.9616917962974,3428.193125,543.4123284696803,911.4504818876703,37.652727,445.7574540351353,3.759806317594849
