input,method,n,steps,update_us,context_ms,init_ms,total_ms,peak_rss_mib,state_mib,context_mib
random_n19_00,bitwise,19,8,1868965.268375,5.32507,1879.767076,16836.81292,15.828125,5.750755310058594,3.750579833984375
random_n19_00,rank-static,19,8,3405.371625,5.50351,4.626998,37.358483,14.30859375,4.000244140625,3.750579833984375
random_n19_00,rank-shared,19,8,1.824125,5.36037,4.522036,9.891286,14.28515625,4.000244140625,3.750579833984375
random_n19_01,rank-static,19,8,3405.925,5.554981,4.529976,37.387775,14.28125,4.000244140625,3.750579833984375
random_n19_01,rank-shared,19,8,4.291125,5.356443,4.524604,9.909572,14.265625,4.000244140625,3.750579833984375
random_n19_01,bitwise,19,8,1867382.08575,5.335064,1879.729484,16823.832828,15.875,5.750755310058594,3.750579833984375
random_n19_02,rank-shared,19,8,3.261375,5.373443,4.52302,9.976357,14.26953125,4.000244140625,3.750579833984375
random_n19_02,bitwise,19,8,1922321.112,5.341279,1933.655706,17317.540733,15.84375,5.750755310058594,3.750579833984375
random_n19_02,rank-static,19,8,3413.2825,5.561417,4.637184,37.450415,14.2734375,4.000244140625,3.750579833984375
random_n19_03,bitwise,19,8,1878525.112625,5.353027,1891.098306,16924.652234,15.84765625,5.750755310058594,3.750579833984375
random_n19_03,rank-static,19,8,3417.412375,5.515823,4.603517,37.458639,14.30078125,4.000244140625,3.750579833984375
random_n19_03,rank-shared,19,8,2.14375,5.35047,4.527581,9.890039,14.30078125,4.000244140625,3.750579833984375
random_n19_04,rank-static,19,8,3421.018625,5.528803,4.63939,37.512835,14.296875,4.000244140625,3.750579833984375
random_n19_04,rank-shared,19,8,6.729375,5.37139,4.533164,9.965375,14.296875,4.000244140625,3.750579833984375
random_n19_04,bitwise,19,8,1867339.026375,5.361106,1878.690002,16822.763909,15.8671875,5.750755310058594,3.750579833984375
random_n19_05,rank-shared,19,8,4.687,5.426066,4.529116,9.992589,14.2890625,4.000244140625,3.750579833984375
random_n19_05,bitwise,19,8,1878302.73,5.409708,1890.701367,16922.529417,15.86328125,5.750755310058594,3.750579833984375
random_n19_05,rank-static,19,8,3419.46525,5.615514,4.635211,37.524049,14.30078125,4.000244140625,3.750579833984375
random_n19_06,bitwise,19,8,1870820.998875,5.336048,1882.460913,16854.364952,15.87890625,5.750755310058594,3.750579833984375
random_n19_06,rank-static,19,8,3404.906,5.508583,4.528735,37.347153,14.30859375,4.000244140625,3.750579833984375
random_n19_06,rank-shared,19,8,2.363,5.335037,4.513341,9.866332,14.28125,4.000244140625,3.750579833984375
random_n19_07,rank-static,19,8,3412.994875,5.523924,4.524481,37.470025,14.25,4.000244140625,3.750579833984375
random_n19_07,rank-shared,19,8,2.751375,5.353858,4.604422,9.958993,14.30859375,4.000244140625,3.750579833984375
random_n19_07,bitwise,19,8,1872927.02325,5.339603,1885.306462,16874.076882,15.859375,5.750755310058594,3.750579833984375
random_n19_08,rank-shared,19,8,2.933125,5.370461,4.526963,9.956109,14.27734375,4.000244140625,3.750579833984375
random_n19_08,bitwise,19,8,1861367.676625,5.37843,1872.043679,16768.318372,15.859375,5.750755310058594,3.750579833984375
random_n19_08,rank-static,19,8,3422.185375,5.567044,4.535485,37.552904,14.27734375,4.000244140625,3.750579833984375
random_n19_09,bitwise,19,8,1862922.4085,5.413069,1875.191388,16783.983725,15.83984375,5.750755310058594,3.750579833984375
random_n19_09,rank-static,19,8,3428.193125,5.620674,4.602254,37.652727,14.27734375,4.000244140625,3.750579833984375
random_n19_09,rank-shared,19,8,3.76125,5.44217,4.541042,10.014539,14.26953125,4.000244140625,3.750579833984375
random_n18_00,rank-static,18,16,1604.150875,2.721237,2.189314,30.614271,8.79296875,2.000244140625,1.844329833984375
random_n18_00,rank-shared,18,16,3.0996875,2.639809,2.183038,4.872442,8.8125,2.000244140625,1.844329833984375
random_n18_00,bitwise,18,16,470687.7929375,2.613328,475.990757,8009.643401,9.51171875,2.7820053100585938,1.844329833984375
random_n18_01,rank-shared,18,16,5.2195625,2.648938,2.186847,4.917294,8.765625,2.000244140625,1.844329833984375
random_n18_01,bitwise,18,16,469248.200875,2.643266,474.963164,7985.27965,9.4921875,2.7820053100585938,1.844329833984375
random_n18_01,rank-static,18,16,1617.2845,2.729384,2.19707,30.825281,8.796875,2.000244140625,1.844329833984375
random_n18_02,bitwise,18,16,472701.582625,2.618336,478.420453,8044.257215,9.4921875,2.7820053100585938,1.844329833984375
random_n18_02,rank-static,18,16,1605.173125,2.709016,2.190572,30.587914,8.78125,2.000244140625,1.844329833984375
random_n18_02,rank-shared,18,16,1.75725,2.617624,2.17635,4.819905,8.79296875,2.000244140625,1.844329833984375
random_n18_03,rank-static,18,16,1604.1730625,2.718185,2.193608,30.585731,8.81640625,2.000244140625,1.844329833984375
random_n18_03,rank-shared,18,16,9.822125,2.657475,2.188186,5.016236,8.78515625,2.000244140625,1.844329833984375
random_n18_03,bitwise,18,16,472104.9540625,2.618675,477.429445,8033.709103,9.5078125,2.7820053100585938,1.844329833984375
random_n18_04,rank-shared,18,16,2.790875,2.617672,2.186992,4.850169,8.796875,2.000244140625,1.844329833984375
random_n18_04,bitwise,18,16,473126.805875,2.621009,478.706113,8051.370219,9.51171875,2.7820053100585938,1.844329833984375
random_n18_04,rank-static,18,16,1606.6270625,2.720479,2.198038,30.621833,8.7890625,2.000244140625,1.844329833984375
random_n18_05,bitwise,18,16,473800.47,2.642517,479.372227,8062.366321,9.5078125,2.7820053100585938,1.844329833984375
random_n18_05,rank-static,18,16,1617.9965625,2.706656,2.199942,30.772888,8.79296875,2.000244140625,1.844329833984375
random_n18_05,rank-shared,18,16,2.41125,2.657553,2.192874,4.892806,8.76953125,2.000244140625,1.844329833984375
random_n18_06,rank-static,18,16,1620.885,2.722511,2.209472,30.838632,8.765625,2.000244140625,1.844329833984375
random_n18_06,rank-shared,18,16,2.8773125,2.636112,2.198647,4.876796,8.81640625,2.000244140625,1.844329833984375
random_n18_06,bitwise,18,16,476875.65175,2.634177,482.794488,8115.419577,9.51171875,2.7820053100585938,1.844329833984375
random_n18_07,rank-shared,18,16,2.0209375,2.668185,2.197523,4.90075,8.78125,2.000244140625,1.844329833984375
random_n18_07,bitwise,18,16,468928.0988125,2.637443,475.069861,7980.18711,9.5078125,2.7820053100585938,1.844329833984375
random_n18_07,rank-static,18,16,1618.1288125,2.735891,2.198055,30.812871,8.765625,2.000244140625,1.844329833984375
random_n18_08,bitwise,18,16,469323.42125,2.644828,475.243685,7986.833117,9.484375,2.7820053100585938,1.844329833984375
random_n18_08,rank-static,18,16,1618.2674375,2.716787,2.20504,30.792244,8.8125,2.000244140625,1.844329833984375
random_n18_08,rank-shared,18,16,1.7503125,2.652176,2.195096,4.875067,8.7890625,2.000244140625,1.844329833984375
random_n18_09,rank-static,18,16,1615.8241875,2.729474,2.200629,30.779931,8.81640625,2.000244140625,1.844329833984375
random_n18_09,rank-shared,18,16,3.134125,2.646543,2.188862,4.891866,8.796875,2.000244140625,1.844329833984375
random_n18_09,bitwise,18,16,473432.8819375,2.630565,478.7384,8056.318701,9.5078125,2.7820053100585938,1.844329833984375
random_n17_00,rank-shared,17,32,1.4853125,1.32988,1.094997,2.47375,6.2578125,1.000244140625,0.906829833984375
random_n17_00,bitwise,17,32,117444.16396875,1.326633,120.301167,3879.549644,6.55859375,1.3445053100585938,0.906829833984375
random_n17_00,rank-static,17,32,761.27934375,1.363749,1.105271,26.81337,6.26953125,1.000244140625,0.906829833984375
random_n17_01,bitwise,17,32,117474.07259375,1.321161,120.306016,3880.729195,6.5234375,1.3445053100585938,0.906829833984375
random_n17_01,rank-static,17,32,759.51534375,1.352082,1.094425,26.776418,6.2421875,1.000244140625,0.906829833984375
random_n17_01,rank-shared,17,32,1.66075,1.332568,1.09654,2.483714,6.25,1.000244140625,0.906829833984375
random_n17_02,rank-static,17,32,760.7421875,1.369963,1.094015,26.812989,6.265625,1.000244140625,0.906829833984375
random_n17_02,rank-shared,17,32,2.49765625,1.340856,1.100389,2.521371,6.2578125,1.000244140625,0.906829833984375
random_n17_02,bitwise,17,32,117494.4210625,1.313553,120.151326,3881.286353,6.55859375,1.3445053100585938,0.906829833984375
random_n17_03,rank-shared,17,32,1.87653125,1.332326,1.093733,2.48698,6.2734375,1.000244140625,0.906829833984375
random_n17_03,bitwise,17,32,117543.81396875,1.319095,120.314493,3882.962443,6.55859375,1.3445053100585938,0.906829833984375
random_n17_03,rank-static,17,32,760.09153125,1.376929,1.098765,26.756235,6.25390625,1.000244140625,0.906829833984375
random_n17_04,bitwise,17,32,119245.24103125,1.324417,121.903987,3939.076879,6.54296875,1.3445053100585938,0.906829833984375
random_n17_04,rank-static,17,32,761.4993125,1.362576,1.09674,26.809274,6.265625,1.000244140625,0.906829833984375
random_n17_04,rank-shared,17,32,1.44459375,1.322343,1.100398,2.477859,6.265625,1.000244140625,0.906829833984375
random_n17_05,rank-static,17,32,763.33446875,1.373872,1.110752,26.913833,6.27734375,1.000244140625,0.906829833984375
random_n17_05,rank-shared,17,32,1.3186875,1.335242,1.098674,2.475132,6.265625,1.000244140625,0.906829833984375
random_n17_05,bitwise,17,32,119443.45084375,1.319005,122.390249,3945.645301,6.5625,1.3445053100585938,0.906829833984375
random_n17_06,rank-shared,17,32,1.4865625,1.331443,1.094966,2.480023,6.25,1.000244140625,0.906829833984375
random_n17_06,bitwise,17,32,117396.42796875,1.318163,120.117191,3878.067863,6.5703125,1.3445053100585938,0.906829833984375
random_n17_06,rank-static,17,32,762.91771875,1.362245,1.09708,26.825854,6.2421875,1.000244140625,0.906829833984375
random_n17_07,bitwise,17,32,117444.42828125,1.312219,120.242473,3879.93893,6.56640625,1.3445053100585938,0.906829833984375
random_n17_07,rank-static,17,32,758.2051875,1.374082,1.098534,26.736595,6.23828125,1.000244140625,0.906829833984375
random_n17_07,rank-shared,17,32,1.5019375,1.319946,1.093823,2.460839,6.26953125,1.000244140625,0.906829833984375
random_n17_08,rank-static,17,32,757.9883125,1.361773,1.104407,26.717075,6.26953125,1.000244140625,0.906829833984375
random_n17_08,rank-shared,17,32,1.61371875,1.319997,1.098213,2.461109,6.26953125,1.000244140625,0.906829833984375
random_n17_08,bitwise,17,32,117436.6923125,1.320959,120.231672,3879.443704,6.578125,1.3445053100585938,0.906829833984375
random_n17_09,rank-shared,17,32,2.021875,1.325499,1.094604,2.479882,6.22265625,1.000244140625,0.906829833984375
random_n17_09,bitwise,17,32,117446.89428125,1.315255,120.260846,3879.656321,6.55078125,1.3445053100585938,0.906829833984375
random_n17_09,rank-static,17,32,757.19109375,1.369471,1.095998,26.702006,6.24609375,1.000244140625,0.906829833984375
random_n16_00,bitwise,16,128,31433.7643515625,0.674402,32.656851,4056.85309,5.06640625,0.6491012573242188,0.445892333984375
random_n16_00,rank-static,16,128,253.2888671875,0.674111,0.544561,33.63683,5.05078125,0.500213623046875,0.445892333984375
random_n16_00,rank-shared,16,128,1.202078125,0.673901,0.543869,1.370663,5.02734375,0.500213623046875,0.445892333984375
random_n16_01,rank-static,16,128,251.491734375,0.6865,0.553241,33.441925,5.05078125,0.500213623046875,0.445892333984375
random_n16_01,rank-shared,16,128,1.667140625,0.678621,0.540552,1.434171,5.03515625,0.500213623046875,0.445892333984375
random_n16_01,bitwise,16,128,30521.2242578125,0.66969,31.697015,3939.08341,5.0390625,0.6491012573242188,0.445892333984375
random_n16_02,rank-shared,16,128,1.49690625,0.672707,0.547488,1.41258,5.046875,0.500213623046875,0.445892333984375
random_n16_02,bitwise,16,128,30141.2748984375,0.678049,31.398672,3890.095149,5.046875,0.6491012573242188,0.445892333984375
random_n16_02,rank-static,16,128,252.846234375,0.696843,0.547307,33.573116,5.0234375,0.500213623046875,0.445892333984375
random_n16_03,bitwise,16,128,30678.9650703125,0.674952,31.891999,3959.481687,5.05859375,0.6491012573242188,0.445892333984375
random_n16_03,rank-static,16,128,253.7969921875,0.686579,0.548229,33.718319,5.01953125,0.500213623046875,0.445892333984375
random_n16_03,rank-shared,16,128,1.3223515625,0.679192,0.549221,1.396382,5.03125,0.500213623046875,0.445892333984375
random_n16_04,rank-static,16,128,254.1011015625,0.675143,0.546926,33.74701,5.03125,0.500213623046875,0.445892333984375
random_n16_04,rank-shared,16,128,1.3781953125,0.679032,0.550244,1.407899,5.0546875,0.500213623046875,0.445892333984375
random_n16_04,bitwise,16,128,30441.3578203125,0.673369,31.652343,3928.829697,5.06640625,0.6491012573242188,0.445892333984375
random_n16_05,rank-shared,16,128,1.4548515625,0.675865,0.542827,1.412459,5.015625,0.500213623046875,0.445892333984375
random_n16_05,bitwise,16,128,30453.5460625,0.66956,31.718484,3930.44194,5.078125,0.6491012573242188,0.445892333984375
random_n16_05,rank-static,16,128,253.055,0.679924,0.550134,33.627091,5.05078125,0.500213623046875,0.445892333984375
random_n16_06,bitwise,16,128,32181.1861171875,0.675734,33.408691,4153.267558,5.04296875,0.6491012573242188,0.445892333984375
random_n16_06,rank-static,16,128,251.719859375,0.6871,0.548941,33.464863,5.03125,0.500213623046875,0.445892333984375
random_n16_06,rank-shared,16,128,1.4220390625,0.681418,0.549051,1.411257,5.046875,0.500213623046875,0.445892333984375
random_n16_07,rank-static,16,128,252.5213046875,0.685767,0.547167,33.557114,5.01171875,0.500213623046875,0.445892333984375
random_n16_07,rank-shared,16,128,1.4608828125,0.677999,0.54431,1.407318,5.05078125,0.500213623046875,0.445892333984375
random_n16_07,bitwise,16,128,31373.9828359375,0.67414,32.52333,4049.057682,5.0546875,0.6491012573242188,0.445892333984375
random_n16_08,rank-shared,16,128,1.3202421875,0.681286,0.552028,1.399078,5.01953125,0.500213623046875,0.445892333984375
random_n16_08,bitwise,16,128,30339.13703125,0.674271,31.637898,3915.721709,5.0546875,0.6491012573242188,0.445892333984375
random_n16_08,rank-static,16,128,251.9339765625,0.68253,0.545974,33.473286,5.0234375,0.500213623046875,0.445892333984375
random_n16_09,bitwise,16,128,30666.3039375,0.671163,31.887743,3957.84581,5.07421875,0.6491012573242188,0.445892333984375
random_n16_09,rank-static,16,128,251.6035859375,0.677608,0.548169,33.448356,5.01171875,0.500213623046875,0.445892333984375
random_n16_09,rank-shared,16,128,1.4868046875,0.685838,0.546625,1.420959,5.046875,0.500213623046875,0.445892333984375
random_n15_00,rank-static,15,128,119.551375,0.371319,0.200344,15.87922,4.2890625,0.250213623046875,0.219329833984375
random_n15_00,rank-shared,15,128,1.0939375,0.373966,0.200214,0.716258,4.296875,0.250213623046875,0.219329833984375
random_n15_00,bitwise,15,128,7681.70128125,0.366107,8.253572,991.882856,4.3671875,0.31316375732421875,0.219329833984375
random_n15_01,rank-shared,15,128,1.06990625,0.374708,0.199942,0.714163,4.31640625,0.250213623046875,0.219329833984375
random_n15_01,bitwise,15,128,7532.720765625,0.368864,7.986123,972.513535,4.3671875,0.31316375732421875,0.219329833984375
random_n15_01,rank-static,15,128,119.3953125,0.374206,0.200394,15.85719,4.33203125,0.250213623046875,0.219329833984375
random_n15_02,bitwise,15,128,7503.9429921875,0.370207,7.998892,968.873802,4.375,0.31316375732421875,0.219329833984375
random_n15_02,rank-static,15,128,119.664453125,0.372402,0.201927,15.881165,4.2734375,0.250213623046875,0.219329833984375
random_n15_02,rank-shared,15,128,1.12321875,0.36732,0.209936,0.720959,4.28125,0.250213623046875,0.219329833984375
random_n15_03,rank-static,15,128,119.3290625,0.366257,0.200273,15.847697,4.33203125,0.250213623046875,0.219329833984375
random_n15_03,rank-shared,15,128,0.9063125,0.36313,0.208472,0.689325,4.328125,0.250213623046875,0.219329833984375
random_n15_03,bitwise,15,128,7629.11159375,0.369555,8.082877,984.978716,4.359375,0.31316375732421875,0.219329833984375
random_n15_04,rank-shared,15,128,0.979140625,0.364393,0.199993,0.696713,4.31640625,0.250213623046875,0.219329833984375
random_n15_04,bitwise,15,128,7476.778453125,0.366398,8.045109,965.439149,4.38671875,0.31316375732421875,0.219329833984375
random_n15_04,rank-static,15,128,119.5093125,0.363912,0.206308,15.875932,4.30078125,0.250213623046875,0.219329833984375
random_n15_05,bitwise,15,128,7521.8019609375,0.365616,8.083298,971.231997,4.33984375,0.31316375732421875,0.219329833984375
random_n15_05,rank-static,15,128,119.3658515625,0.361767,0.199773,15.854642,4.328125,0.250213623046875,0.219329833984375
random_n15_05,rank-shared,15,128,0.9894765625,0.367511,0.200745,0.705413,4.328125,0.250213623046875,0.219329833984375
random_n15_06,rank-static,15,128,119.4571640625,0.373485,0.200073,15.853269,4.328125,0.250213623046875,0.219329833984375
random_n15_06,rank-shared,15,128,0.9945703125,0.371389,0.200393,0.699058,4.3125,0.250213623046875,0.219329833984375
random_n15_06,bitwise,15,128,7565.8236640625,0.369074,8.139057,976.970736,4.37890625,0.31316375732421875,0.219329833984375
random_n15_07,rank-shared,15,128,1.0156328125,0.369164,0.207169,0.70444,4.33203125,0.250213623046875,0.219329833984375
random_n15_07,bitwise,15,128,7487.724171875,0.368172,7.934493,966.729314,4.35546875,0.31316375732421875,0.219329833984375
random_n15_07,rank-static,15,128,119.8319375,0.371279,0.199551,15.924233,4.30859375,0.250213623046875,0.219329833984375
random_n15_08,bitwise,15,128,7611.5535078125,0.372502,8.12328,982.772155,4.37890625,0.31316375732421875,0.219329833984375
random_n15_08,rank-static,15,128,120.023390625,0.365576,0.199742,15.937855,4.30078125,0.250213623046875,0.219329833984375
random_n15_08,rank-shared,15,128,1.1025546875,0.368703,0.200564,0.718783,4.31640625,0.250213623046875,0.219329833984375
random_n15_09,rank-static,15,128,119.3196484375,0.374908,0.199773,15.861978,4.328125,0.250213623046875,0.219329833984375
random_n15_09,rank-shared,15,128,1.19534375,0.370127,0.199622,0.724045,4.296875,0.250213623046875,0.219329833984375
random_n15_09,bitwise,15,128,7719.00775,0.370317,8.202693,996.602003,4.3828125,0.31316375732421875,0.219329833984375
random_n14_00,rank-shared,14,128,0.81125,0.167719,0.097766,0.370137,4.01171875,0.125213623046875,0.108001708984375
random_n14_00,bitwise,14,128,1834.6294921875,0.166375,2.116659,237.118736,4.046875,0.15105438232421875,0.108001708984375
random_n14_00,rank-static,14,128,56.7426484375,0.168299,0.097305,7.53559,4.03125,0.125213623046875,0.108001708984375
random_n14_01,bitwise,14,128,1841.1900625,0.168018,2.130951,237.966086,4.0,0.15105438232421875,0.108001708984375
random_n14_01,rank-static,14,128,56.71390625,0.166526,0.097255,7.525616,4.015625,0.125213623046875,0.108001708984375
random_n14_01,rank-shared,14,128,0.8480546875,0.168239,0.096533,0.378275,4.0078125,0.125213623046875,0.108001708984375
random_n14_02,rank-static,14,128,56.7371640625,0.166746,0.097506,7.523882,4.02734375,0.125213623046875,0.108001708984375
random_n14_02,rank-shared,14,128,0.77359375,0.167558,0.097105,0.365516,3.98046875,0.125213623046875,0.108001708984375
random_n14_02,bitwise,14,128,1835.067828125,0.166816,2.16478,237.216028,4.0390625,0.15105438232421875,0.108001708984375
random_n14_03,rank-shared,14,128,0.802953125,0.169893,0.10373,0.383508,4.0,0.125213623046875,0.108001708984375
random_n14_03,bitwise,14,128,1839.4975234375,0.167968,2.123595,237.747246,4.04296875,0.15105438232421875,0.108001708984375
random_n14_03,rank-static,14,128,56.7945625,0.169923,0.097917,7.542164,4.03125,0.125213623046875,0.108001708984375
random_n14_04,bitwise,14,128,1837.678140625,0.167317,2.170643,237.563028,4.0234375,0.15105438232421875,0.108001708984375
random_n14_04,rank-static,14,128,56.7067734375,0.170514,0.097717,7.532822,4.01171875,0.125213623046875,0.108001708984375
random_n14_04,rank-shared,14,128,0.8400703125,0.167838,0.098107,0.373936,4.01171875,0.125213623046875,0.108001708984375
random_n14_05,rank-static,14,128,56.728703125,0.165362,0.102498,7.531028,4.03125,0.125213623046875,0.108001708984375
random_n14_05,rank-shared,14,128,0.8010703125,0.170154,0.100202,0.374647,4.02734375,0.125213623046875,0.108001708984375
random_n14_05,bitwise,14,128,1835.686328125,0.169793,2.16053,237.299305,4.01953125,0.15105438232421875,0.108001708984375
random_n14_06,rank-shared,14,128,0.76434375,0.169302,0.098639,0.364844,4.03125,0.125213623046875,0.108001708984375
random_n14_06,bitwise,14,128,1836.7897421875,0.171316,2.162915,237.440031,4.04296875,0.15105438232421875,0.108001708984375
random_n14_06,rank-static,14,128,56.7935390625,0.166535,0.097756,7.530908,3.98828125,0.125213623046875,0.108001708984375
random_n14_07,bitwise,14,128,1828.4930234375,0.169262,2.130811,236.340143,4.01171875,0.15105438232421875,0.108001708984375
random_n14_07,rank-static,14,128,56.7184453125,0.166385,0.101504,7.530276,4.0,0.125213623046875,0.108001708984375
random_n14_07,rank-shared,14,128,0.7948046875,0.16852,0.103199,0.370066,3.98046875,0.125213623046875,0.108001708984375
random_n14_08,rank-static,14,128,56.843421875,0.167287,0.097867,7.539969,4.01953125,0.125213623046875,0.108001708984375
random_n14_08,rank-shared,14,128,0.79715625,0.166565,0.098568,0.368382,3.9921875,0.125213623046875,0.108001708984375
random_n14_08,bitwise,14,128,1835.089296875,0.170214,2.155769,237.228909,4.05859375,0.15105438232421875,0.108001708984375
random_n14_09,rank-shared,14,128,0.830203125,0.167959,0.098698,0.375179,4.03515625,0.125213623046875,0.108001708984375
random_n14_09,bitwise,14,128,1844.67278125,0.168219,2.118943,238.403875,4.046875,0.15105438232421875,0.108001708984375
random_n14_09,rank-static,14,128,56.7714609375,0.165282,0.097406,7.530356,4.01171875,0.125213623046875,0.108001708984375
random_n13_00,bitwise,13,128,492.5344921875,0.103289,0.60503,63.764832,3.8359375,0.07292938232421875,0.053314208984375
random_n13_00,rank-static,13,128,26.3122265625,0.105665,0.049124,3.525509,3.8828125,0.062713623046875,0.053314208984375
random_n13_00,rank-shared,13,128,0.694265625,0.106387,0.048683,0.248575,3.875,0.062713623046875,0.053314208984375
random_n13_01,rank-static,13,128,26.2964765625,0.103228,0.048503,3.520266,3.88671875,0.062713623046875,0.053314208984375
random_n13_01,rank-shared,13,128,0.60209375,0.104842,0.054316,0.23771,3.8515625,0.062713623046875,0.053314208984375
random_n13_01,bitwise,13,128,490.3773125,0.105254,0.62222,63.493233,3.8671875,0.07292938232421875,0.053314208984375
random_n13_02,rank-shared,13,128,0.5993515625,0.105714,0.048632,0.231024,3.8515625,0.062713623046875,0.053314208984375
random_n13_02,bitwise,13,128,493.4348515625,0.102868,0.613018,63.870275,3.87109375,0.07292938232421875,0.053314208984375
random_n13_02,rank-static,13,128,26.2805859375,0.107018,0.048793,3.520347,3.87109375,0.062713623046875,0.053314208984375
random_n13_03,bitwise,13,128,491.303515625,0.105324,0.612317,63.607648,3.8515625,0.07292938232421875,0.053314208984375
random_n13_03,rank-static,13,128,26.285125,0.104461,0.048793,3.515756,3.875,0.062713623046875,0.053314208984375
random_n13_03,rank-shared,13,128,0.636078125,0.106015,0.049685,0.237559,3.875,0.062713623046875,0.053314208984375
random_n13_04,rank-static,13,128,26.2830078125,0.105353,0.053865,3.520557,3.87890625,0.062713623046875,0.053314208984375
random_n13_04,rank-shared,13,128,0.586984375,0.105143,0.049225,0.231285,3.8828125,0.062713623046875,0.053314208984375
random_n13_04,bitwise,13,128,490.812296875,0.102286,0.617229,63.543369,3.8515625,0.07292938232421875,0.053314208984375
random_n13_05,rank-shared,13,128,0.6323203125,0.106967,0.048773,0.236527,3.8515625,0.062713623046875,0.053314208984375
random_n13_05,bitwise,13,128,489.4168828125,0.104943,0.628685,63.372333,3.875,0.07292938232421875,0.053314208984375
random_n13_05,rank-static,13,128,26.28590625,0.10369,0.048603,3.514654,3.84765625,0.062713623046875,0.053314208984375
random_n13_06,bitwise,13,128,492.830875,0.10366,0.607255,63.797176,3.86328125,0.07292938232421875,0.053314208984375
random_n13_06,rank-static,13,128,26.293890625,0.106827,0.048894,3.516488,3.88671875,0.062713623046875,0.053314208984375
random_n13_06,rank-shared,13,128,0.649703125,0.103529,0.048432,0.236908,3.8828125,0.062713623046875,0.053314208984375
random_n13_07,rank-static,13,128,26.2830078125,0.107849,0.048743,3.522411,3.875,0.062713623046875,0.053314208984375
random_n13_07,rank-shared,13,128,0.650640625,0.106377,0.048903,0.240056,3.88671875,0.062713623046875,0.053314208984375
random_n13_07,bitwise,13,128,492.5850625,0.103499,0.622862,63.771416,3.86328125,0.07292938232421875,0.053314208984375
random_n13_08,rank-shared,13,128,0.606953125,0.103129,0.048221,0.22899,3.8515625,0.062713623046875,0.053314208984375
random_n13_08,bitwise,13,128,491.7965234375,0.105614,0.61378,63.660658,3.8671875,0.07292938232421875,0.053314208984375
random_n13_08,rank-static,13,128,26.267109375,0.103831,0.049004,3.51741,3.875,0.062713623046875,0.053314208984375
random_n13_09,bitwise,13,128,492.7517734375,0.101836,0.61776,63.794198,3.87890625,0.07292938232421875,0.053314208984375
random_n13_09,rank-static,13,128,26.290921875,0.106136,0.048883,3.518051,3.85546875,0.062713623046875,0.053314208984375
random_n13_09,rank-shared,13,128,0.6033515625,0.102928,0.048863,0.229722,3.88671875,0.062713623046875,0.053314208984375
random_n12_00,rank-static,12,128,12.3418359375,0.068879,0.023966,1.668982,3.78515625,0.031463623046875,0.026458740234375
random_n12_00,rank-shared,12,128,0.50703125,0.063948,0.023544,0.153365,3.79296875,0.031463623046875,0.026458740234375
random_n12_00,bitwise,12,128,136.709484375,0.067697,0.208312,17.775795,3.7890625,0.03533172607421875,0.026458740234375
random_n12_01,rank-shared,12,128,0.500375,0.066363,0.023435,0.153966,3.77734375,0.031463623046875,0.026458740234375
random_n12_01,bitwise,12,128,137.160375,0.064358,0.209505,17.828227,3.78125,0.03533172607421875,0.026458740234375
random_n12_01,rank-static,12,128,12.321796875,0.066143,0.023835,1.669153,3.7890625,0.031463623046875,0.026458740234375
random_n12_02,bitwise,12,128,136.97134375,0.068589,0.207139,17.810536,3.8046875,0.03533172607421875,0.026458740234375
random_n12_02,rank-static,12,128,12.3096640625,0.068258,0.023735,1.670737,3.765625,0.031463623046875,0.026458740234375
random_n12_02,rank-shared,12,128,0.4994375,0.065411,0.023584,0.155108,3.79296875,0.031463623046875,0.026458740234375
random_n12_03,rank-static,12,128,12.30871875,0.067266,0.024036,1.668301,3.78515625,0.031463623046875,0.026458740234375
random_n12_03,rank-shared,12,128,0.4906640625,0.06919,0.023786,0.155781,3.765625,0.031463623046875,0.026458740234375
random_n12_03,bitwise,12,128,136.937515625,0.065692,0.216421,17.813333,3.8046875,0.03533172607421875,0.026458740234375
random_n12_04,rank-shared,12,128,0.525203125,0.069762,0.023334,0.160511,3.7734375,0.031463623046875,0.026458740234375
random_n12_04,bitwise,12,128,137.9183046875,0.070062,0.205425,17.923257,3.7890625,0.03533172607421875,0.026458740234375
random_n12_04,rank-static,12,128,12.298453125,0.065592,0.023655,1.665173,3.7734375,0.031463623046875,0.026458740234375
random_n12_05,bitwise,12,128,137.0275625,0.068658,0.202248,17.802296,3.80078125,0.03533172607421875,0.026458740234375
random_n12_05,rank-static,12,128,12.307703125,0.06466,0.023685,1.666256,3.79296875,0.031463623046875,0.026458740234375
random_n12_05,rank-shared,12,128,0.499515625,0.070163,0.023725,0.159861,3.78125,0.031463623046875,0.026458740234375
random_n12_06,rank-static,12,128,12.321796875,0.065722,0.023866,1.666396,3.7890625,0.031463623046875,0.026458740234375
random_n12_06,rank-shared,12,128,0.4981015625,0.067667,0.024748,0.160682,3.765625,0.031463623046875,0.026458740234375
random_n12_06,bitwise,12,128,137.066171875,0.068989,0.206948,17.821992,3.78515625,0.03533172607421875,0.026458740234375
random_n12_07,rank-shared,12,128,0.5273125,0.065471,0.023875,0.159329,3.78515625,0.031463623046875,0.026458740234375
random_n12_07,bitwise,12,128,136.4687734375,0.066513,0.200735,17.73882,3.77734375,0.03533172607421875,0.026458740234375
random_n12_07,rank-static,12,128,12.35021875,0.067045,0.023906,1.672189,3.80078125,0.031463623046875,0.026458740234375
random_n12_08,bitwise,12,128,135.6321484375,0.067787,0.212281,17.64388,3.7421875,0.03533172607421875,0.026458740234375
random_n12_08,rank-static,12,128,12.33846875,0.070733,0.023765,1.671448,3.76171875,0.031463623046875,0.026458740234375
random_n12_08,rank-shared,12,128,0.493328125,0.067185,0.023655,0.154096,3.796875,0.031463623046875,0.026458740234375
random_n12_09,rank-static,12,128,12.323515625,0.068969,0.024026,1.66827,3.765625,0.031463623046875,0.026458740234375
random_n12_09,rank-shared,12,128,0.5095390625,0.067918,0.023525,0.157996,3.7578125,0.031463623046875,0.026458740234375
random_n12_09,bitwise,12,128,136.9235,0.065572,0.19429,17.787893,3.765625,0.03533172607421875,0.026458740234375
random_n11_00,rank-shared,11,256,0.39380078125,0.040023,0.012519,0.153095,3.734375,0.015838623046875,0.013275146484375
random_n11_00,bitwise,11,256,42.625203125,0.041586,0.074292,11.023229,3.76171875,0.01726531982421875,0.013275146484375
random_n11_00,rank-static,11,256,5.849203125,0.041055,0.012329,1.553686,3.71875,0.015838623046875,0.013275146484375
random_n11_01,bitwise,11,256,43.31965625,0.042489,0.072508,11.221267,3.76171875,0.01726531982421875,0.013275146484375
random_n11_01,rank-static,11,256,5.86019921875,0.039382,0.012409,1.554969,3.76171875,0.015838623046875,0.013275146484375
random_n11_01,rank-shared,11,256,0.38780859375,0.037778,0.012198,0.150368,3.75,0.015838623046875,0.013275146484375
random_n11_02,rank-static,11,256,5.8497109375,0.040674,0.012549,1.549245,3.7421875,0.015838623046875,0.013275146484375
random_n11_02,rank-shared,11,256,0.40080859375,0.039422,0.01286,0.154909,3.73046875,0.015838623046875,0.013275146484375
random_n11_02,bitwise,11,256,42.9930078125,0.041146,0.072567,11.126097,3.734375,0.01726531982421875,0.013275146484375
random_n11_03,rank-shared,11,256,0.40656640625,0.037948,0.012519,0.156071,3.75390625,0.015838623046875,0.013275146484375
random_n11_03,bitwise,11,256,43.32400390625,0.040092,0.069812,11.200759,3.76171875,0.01726531982421875,0.013275146484375
random_n11_03,rank-static,11,256,5.8583984375,0.040744,0.01305,1.551801,3.7578125,0.015838623046875,0.013275146484375
random_n11_04,bitwise,11,256,42.689921875,0.039823,0.072498,11.041201,3.765625,0.01726531982421875,0.013275146484375
random_n11_04,rank-static,11,256,5.86724609375,0.041867,0.012479,1.556481,3.71484375,0.015838623046875,0.013275146484375
random_n11_04,rank-shared,11,256,0.40284765625,0.040423,0.012429,0.155951,3.74609375,0.015838623046875,0.013275146484375
random_n11_05,rank-static,11,256,5.87233984375,0.040634,0.012358,1.554337,3.71875,0.015838623046875,0.013275146484375
random_n11_05,rank-shared,11,256,0.390515625,0.03898,0.012488,0.152914,3.75390625,0.015838623046875,0.013275146484375
random_n11_05,bitwise,11,256,42.90389453125,0.037387,0.070473,11.091487,3.76171875,0.01726531982421875,0.013275146484375
random_n11_06,rank-shared,11,256,0.38722265625,0.042208,0.012439,0.153295,3.75,0.015838623046875,0.013275146484375
random_n11_06,bitwise,11,256,43.35944140625,0.041135,0.074863,11.214391,3.76171875,0.01726531982421875,0.013275146484375
random_n11_06,rank-static,11,256,5.8716328125,0.040213,0.012789,1.561183,3.7265625,0.015838623046875,0.013275146484375
random_n11_07,bitwise,11,256,43.2584609375,0.03877,0.074182,11.187298,3.765625,0.01726531982421875,0.013275146484375
random_n11_07,rank-static,11,256,5.85001953125,0.03899,0.013201,1.552262,3.7421875,0.015838623046875,0.013275146484375
random_n11_07,rank-shared,11,256,0.39184765625,0.040213,0.012459,0.154478,3.7265625,0.015838623046875,0.013275146484375
random_n11_08,rank-static,11,256,5.87218359375,0.040454,0.012458,1.557364,3.74609375,0.015838623046875,0.013275146484375
random_n11_08,rank-shared,11,256,0.40574609375,0.040022,0.012408,0.156161,3.75390625,0.015838623046875,0.013275146484375
random_n11_08,bitwise,11,256,43.402703125,0.041447,0.073109,11.230568,3.76171875,0.01726531982421875,0.013275146484375
random_n11_09,rank-shared,11,256,0.40825,0.039512,0.012499,0.156392,3.7578125,0.015838623046875,0.013275146484375
random_n11_09,bitwise,11,256,43.06199609375,0.041857,0.070202,11.13618,3.75,0.01726531982421875,0.013275146484375
random_n11_09,rank-static,11,256,5.84821875,0.039291,0.012689,1.552662,3.76171875,0.015838623046875,0.013275146484375
random_n10_00,bitwise,10,512,15.76004296875,0.029097,0.030601,8.123749,3.734375,0.00859832763671875,0.006805419921875
random_n10_00,rank-static,10,512,2.878458984375,0.027103,0.009051,1.514926,3.69921875,0.008026123046875,0.006805419921875
random_n10_00,rank-shared,10,512,0.317728515625,0.025238,0.00848,0.196615,3.73828125,0.008026123046875,0.006805419921875
random_n10_01,rank-static,10,512,2.881689453125,0.027774,0.009112,1.510255,3.7109375,0.008026123046875,0.006805419921875
random_n10_01,rank-shared,10,512,0.309251953125,0.026972,0.00862,0.193668,3.74609375,0.008026123046875,0.006805419921875
random_n10_01,bitwise,10,512,15.750509765625,0.026851,0.031133,8.122245,3.7109375,0.00859832763671875,0.006805419921875
random_n10_02,rank-shared,10,512,0.315947265625,0.027654,0.00848,0.198199,3.73046875,0.008026123046875,0.006805419921875
random_n10_02,bitwise,10,512,15.9450625,0.027143,0.030902,8.218678,3.74609375,0.00859832763671875,0.006805419921875
random_n10_02,rank-static,10,512,2.8763828125,0.026492,0.010795,1.50786,3.70703125,0.008026123046875,0.006805419921875
random_n10_03,bitwise,10,512,15.9149140625,0.027023,0.031603,8.205539,3.74609375,0.00859832763671875,0.006805419921875
random_n10_03,rank-static,10,512,2.8846640625,0.02641,0.009372,1.513482,3.73828125,0.008026123046875,0.006805419921875
random_n10_03,rank-shared,10,512,0.3128125,0.029258,0.00882,0.199221,3.69140625,0.008026123046875,0.006805419921875
random_n10_04,rank-static,10,512,2.887755859375,0.026171,0.010886,1.515036,3.7109375,0.008026123046875,0.006805419921875
random_n10_04,rank-shared,10,512,0.3087421875,0.028636,0.008881,0.197016,3.7109375,0.008026123046875,0.006805419921875
random_n10_04,bitwise,10,512,15.915580078125,0.028496,0.032054,8.207002,3.74609375,0.00859832763671875,0.006805419921875
random_n10_05,rank-shared,10,512,0.32733984375,0.028476,0.00869,0.202769,3.7421875,0.008026123046875,0.006805419921875
random_n10_05,bitwise,10,512,15.8085546875,0.02624,0.031653,8.156104,3.7109375,0.00859832763671875,0.006805419921875
random_n10_05,rank-static,10,512,2.882119140625,0.027494,0.00878,1.511377,3.73046875,0.008026123046875,0.006805419921875
random_n10_06,bitwise,10,512,15.723552734375,0.025589,0.032305,8.108704,3.7421875,0.00859832763671875,0.006805419921875
random_n10_06,rank-static,10,512,2.87845703125,0.026962,0.00905,1.509262,3.7421875,0.008026123046875,0.006805419921875
random_n10_06,rank-shared,10,512,0.30923046875,0.026391,0.008951,0.193558,3.734375,0.008026123046875,0.006805419921875
random_n10_07,rank-static,10,512,2.876794921875,0.028466,0.00878,1.51237,3.734375,0.008026123046875,0.006805419921875
random_n10_07,rank-shared,10,512,0.327908203125,0.027373,0.00865,0.204323,3.71875,0.008026123046875,0.006805419921875
random_n10_07,bitwise,10,512,15.728171875,0.02607,0.032385,8.110999,3.71484375,0.00859832763671875,0.006805419921875
random_n10_08,rank-shared,10,512,0.316962890625,0.027202,0.00864,0.197938,3.70703125,0.008026123046875,0.006805419921875
random_n10_08,bitwise,10,512,15.878580078125,0.026892,0.031744,8.188899,3.7421875,0.00859832763671875,0.006805419921875
random_n10_08,rank-static,10,512,2.887599609375,0.027303,0.008761,1.514885,3.7109375,0.008026123046875,0.006805419921875
random_n10_09,bitwise,10,512,15.896392578125,0.027223,0.031634,8.196978,3.74609375,0.00859832763671875,0.006805419921875
random_n10_09,rank-static,10,512,2.887580078125,0.02584,0.00838,1.513061,3.734375,0.008026123046875,0.006805419921875
random_n10_09,rank-shared,10,512,0.315240234375,0.025629,0.008439,0.198639,3.74609375,0.008026123046875,0.006805419921875
random_n09_00,rank-static,9,1024,1.381947265625,0.022553,0.010163,1.450025,3.734375,0.004119873046875,0.003631591796875
random_n09_00,rank-shared,9,1024,0.2513720703125,0.022673,0.005342,0.285621,3.71875,0.004119873046875,0.003631591796875
random_n09_00,bitwise,9,1024,6.1036650390625,0.022903,0.013872,6.283781,3.70703125,0.00444793701171875,0.003631591796875
random_n09_01,rank-shared,9,1024,0.2588505859375,0.022171,0.005422,0.292928,3.73046875,0.004119873046875,0.003631591796875
random_n09_01,bitwise,9,1024,6.0512587890625,0.02161,0.012068,6.230268,3.73046875,0.00444793701171875,0.003631591796875
random_n09_01,rank-static,9,1024,1.385333984375,0.02153,0.005533,1.44769,3.7265625,0.004119873046875,0.003631591796875
random_n09_02,bitwise,9,1024,6.0529619140625,0.022171,0.012429,6.23584,3.72265625,0.00444793701171875,0.003631591796875
random_n09_02,rank-static,9,1024,1.3881240234375,0.022321,0.005603,1.451097,3.6875,0.004119873046875,0.003631591796875
random_n09_02,rank-shared,9,1024,0.2655166015625,0.021911,0.005663,0.304816,3.73046875,0.004119873046875,0.003631591796875
random_n09_03,rank-static,9,1024,1.38534375,0.024466,0.005643,1.449644,3.703125,0.004119873046875,0.003631591796875
random_n09_03,rank-shared,9,1024,0.259615234375,0.022883,0.005643,0.296205,3.69921875,0.004119873046875,0.003631591796875
random_n09_03,bitwise,9,1024,6.043966796875,0.022131,0.012329,6.22298,3.69140625,0.00444793701171875,0.003631591796875
random_n09_04,rank-shared,9,1024,0.259115234375,0.020728,0.005423,0.293049,3.734375,0.004119873046875,0.003631591796875
random_n09_04,bitwise,9,1024,6.0699833984375,0.0216,0.013462,6.254323,3.70703125,0.00444793701171875,0.003631591796875
random_n09_04,rank-static,9,1024,1.3855498046875,0.022642,0.005643,1.44771,3.734375,0.004119873046875,0.003631591796875
random_n09_05,bitwise,9,1024,6.11440234375,0.022422,0.013,6.298595,3.69921875,0.00444793701171875,0.003631591796875
random_n09_05,rank-static,9,1024,1.3804111328125,0.023014,0.005704,1.440413,3.72265625,0.004119873046875,0.003631591796875
random_n09_05,rank-shared,9,1024,0.2554736328125,0.022131,0.005432,0.289349,3.7265625,0.004119873046875,0.003631591796875
random_n09_06,rank-static,9,1024,1.37982421875,0.02157,0.005833,1.44305,3.73046875,0.004119873046875,0.003631591796875
random_n09_06,rank-shared,9,1024,0.2552001953125,0.023895,0.005663,0.290883,3.71875,0.004119873046875,0.003631591796875
random_n09_06,bitwise,9,1024,6.0269541015625,0.022412,0.012549,6.206963,3.703125,0.00444793701171875,0.003631591796875
random_n09_07,rank-shared,9,1024,0.256423828125,0.021881,0.005673,0.290041,3.73046875,0.004119873046875,0.003631591796875
random_n09_07,bitwise,9,1024,6.074466796875,0.022592,0.013542,6.256388,3.734375,0.00444793701171875,0.003631591796875
random_n09_07,rank-static,9,1024,1.3838662109375,0.023144,0.005783,1.4474,3.71484375,0.004119873046875,0.003631591796875
random_n09_08,bitwise,9,1024,6.1129150390625,0.022282,0.012499,6.295248,3.73046875,0.00444793701171875,0.003631591796875
random_n09_08,rank-static,9,1024,1.383337890625,0.023815,0.005433,1.446076,3.71484375,0.004119873046875,0.003631591796875
random_n09_08,rank-shared,9,1024,0.2546123046875,0.022272,0.005352,0.287496,3.7265625,0.004119873046875,0.003631591796875
random_n09_09,rank-static,9,1024,1.3851494140625,0.022142,0.005613,1.448231,3.72265625,0.004119873046875,0.003631591796875
random_n09_09,rank-shared,9,1024,0.2621396484375,0.02176,0.005423,0.296296,3.7265625,0.004119873046875,0.003631591796875
random_n09_09,bitwise,9,1024,6.048380859375,0.022963,0.012439,6.228803,3.734375,0.00444793701171875,0.003631591796875
random_n08_00,rank-shared,8,4096,0.201572509765625,0.013331,0.010043,0.8512,3.7265625,0.002166748046875,0.0020751953125
random_n08_00,bitwise,8,4096,2.7692939453125,0.013772,0.015235,11.372786,3.68359375,0.00246429443359375,0.0020751953125
random_n08_00,peigen,8,4096,3.733323974609375,0.012569,0.023354,15.329081,3.703125,0.00246429443359375,0.0020751953125
random_n08_00,rank-static,8,4096,0.71895361328125,0.01314,0.010023,2.969551,3.71875,0.002166748046875,0.0020751953125
random_n08_01,bitwise,8,4096,2.805708740234375,0.013331,0.014152,11.518304,3.72265625,0.00246429443359375,0.0020751953125
random_n08_01,peigen,8,4096,3.70107421875,0.013602,0.020598,15.193889,3.73046875,0.00246429443359375,0.0020751953125
random_n08_01,rank-static,8,4096,0.720245849609375,0.01319,0.009913,2.972389,3.73046875,0.002166748046875,0.0020751953125
random_n08_01,rank-shared,8,4096,0.203933837890625,0.013461,0.011186,0.86011,3.69921875,0.002166748046875,0.0020751953125
random_n08_02,peigen,8,4096,3.7295751953125,0.013131,0.022993,15.314699,3.69921875,0.00246429443359375,0.0020751953125
random_n08_02,rank-static,8,4096,0.721525634765625,0.013431,0.009883,2.982291,3.69921875,0.002166748046875,0.0020751953125
random_n08_02,rank-shared,8,4096,0.199857177734375,0.013702,0.010194,0.845366,3.703125,0.002166748046875,0.0020751953125
random_n08_02,bitwise,8,4096,2.759544921875,0.013051,0.015816,11.332394,3.71484375,0.00246429443359375,0.0020751953125
random_n08_03,rank-static,8,4096,0.7178623046875,0.013481,0.010966,2.969822,3.71875,0.002166748046875,0.0020751953125
random_n08_03,rank-shared,8,4096,0.1960322265625,0.013391,0.010996,0.827355,3.703125,0.002166748046875,0.0020751953125
random_n08_03,bitwise,8,4096,2.729717529296875,0.013601,0.015756,11.21,3.7109375,0.00246429443359375,0.0020751953125
random_n08_03,peigen,8,4096,3.73669580078125,0.013361,0.021359,15.336969,3.73828125,0.00246429443359375,0.0020751953125
random_n08_04,rank-shared,8,4096,0.19456396484375,0.013441,0.010063,0.819827,3.7109375,0.002166748046875,0.0020751953125
random_n08_04,bitwise,8,4096,2.7326025390625,0.01327,0.013952,11.219893,3.7109375,0.00246429443359375,0.0020751953125
random_n08_04,peigen,8,4096,3.7397744140625,0.01315,0.021941,15.348777,3.7265625,0.00246429443359375,0.0020751953125
random_n08_04,rank-static,8,4096,0.7149794921875,0.013261,0.010585,2.959468,3.7109375,0.002166748046875,0.0020751953125
random_n08_05,bitwise,8,4096,2.749135009765625,0.013822,0.014954,11.286637,3.70703125,0.00246429443359375,0.0020751953125
random_n08_05,peigen,8,4096,3.766048583984375,0.013471,0.02167,15.467231,3.70703125,0.00246429443359375,0.0020751953125
random_n08_05,rank-static,8,4096,0.718867919921875,0.0133,0.010715,2.970885,3.7109375,0.002166748046875,0.0020751953125
random_n08_05,rank-shared,8,4096,0.2017509765625,0.013301,0.00871,0.850878,3.69921875,0.002166748046875,0.0020751953125
random_n08_06,peigen,8,4096,3.751655029296875,0.013812,0.020859,15.404616,3.73828125,0.00246429443359375,0.0020751953125
random_n08_06,rank-static,8,4096,0.718192626953125,0.013331,0.011717,2.967807,3.70703125,0.002166748046875,0.0020751953125
random_n08_06,rank-shared,8,4096,0.203681884765625,0.013561,0.010825,0.858767,3.73046875,0.002166748046875,0.0020751953125
random_n08_06,bitwise,8,4096,2.773637451171875,0.01268,0.013551,11.38716,3.69921875,0.00246429443359375,0.0020751953125
random_n08_07,rank-static,8,4096,0.72102392578125,0.013652,0.012058,2.97751,3.72265625,0.002166748046875,0.0020751953125
random_n08_07,rank-shared,8,4096,0.201244384765625,0.013461,0.011466,0.851129,3.70703125,0.002166748046875,0.0020751953125
random_n08_07,bitwise,8,4096,2.754432861328125,0.01348,0.014373,11.30924,3.72265625,0.00246429443359375,0.0020751953125
random_n08_07,peigen,8,4096,3.757444580078125,0.01315,0.023033,15.423149,3.73828125,0.00246429443359375,0.0020751953125
random_n08_08,rank-shared,8,4096,0.20318994140625,0.012889,0.010645,0.854016,3.72265625,0.002166748046875,0.0020751953125
random_n08_08,bitwise,8,4096,2.7646982421875,0.013311,0.015616,11.354333,3.72265625,0.00246429443359375,0.0020751953125
random_n08_08,peigen,8,4096,3.7331650390625,0.013551,0.024186,15.329252,3.703125,0.00246429443359375,0.0020751953125
random_n08_08,rank-static,8,4096,0.71974169921875,0.013381,0.010224,2.976197,3.734375,0.002166748046875,0.0020751953125
random_n08_09,bitwise,8,4096,2.781455810546875,0.012899,0.013631,11.419264,3.7265625,0.00246429443359375,0.0020751953125
random_n08_09,peigen,8,4096,3.763036376953125,0.01315,0.020728,15.443476,3.734375,0.00246429443359375,0.0020751953125
random_n08_09,rank-static,8,4096,0.72079638671875,0.013501,0.012649,2.978532,3.73046875,0.002166748046875,0.0020751953125
random_n08_09,rank-shared,8,4096,0.20206689453125,0.013781,0.01273,0.855389,3.69140625,0.002166748046875,0.0020751953125
random_n07_00,peigen,7,8192,1.9208094482421876,0.012389,0.006285,15.76056,3.69140625,0.00151824951171875,0.001312255859375
random_n07_00,rank-static,7,8192,0.4001348876953125,0.012449,0.001915,3.29307,3.71484375,0.001190185546875,0.001312255859375
random_n07_00,rank-shared,7,8192,0.1564105224609375,0.012489,0.001784,1.297803,3.6953125,0.001190185546875,0.001312255859375
random_n07_01,rank-static,7,8192,0.3981368408203125,0.011998,0.001834,3.276552,3.6953125,0.001190185546875,0.001312255859375
random_n07_01,rank-shared,7,8192,0.1599000244140625,0.012158,0.001584,1.323813,3.69921875,0.001190185546875,0.001312255859375
random_n07_01,peigen,7,8192,1.9292335205078126,0.012128,0.005954,15.821571,3.72265625,0.00151824951171875,0.001312255859375
random_n07_02,rank-shared,7,8192,0.1579779052734375,0.01284,0.001774,1.30917,3.71875,0.001190185546875,0.001312255859375
random_n07_02,peigen,7,8192,1.9161759033203125,0.012599,0.006114,15.718763,3.71875,0.00151824951171875,0.001312255859375
random_n07_02,rank-static,7,8192,0.3997103271484375,0.012269,0.001935,3.28848,3.68359375,0.001190185546875,0.001312255859375
random_n07_03,peigen,7,8192,1.9258687744140626,0.012579,0.005713,15.79563,3.66796875,0.00151824951171875,0.001312255859375
random_n07_03,rank-static,7,8192,0.3981099853515625,0.012579,0.001934,3.27549,3.71484375,0.001190185546875,0.001312255859375
random_n07_03,rank-shared,7,8192,0.1569549560546875,0.012439,0.001744,1.301802,3.72265625,0.001190185546875,0.001312255859375
random_n07_04,rank-static,7,8192,0.398087890625,0.012759,0.001854,3.275499,3.6953125,0.001190185546875,0.001312255859375
random_n07_04,rank-shared,7,8192,0.1587645263671875,0.012048,0.001894,1.314632,3.6953125,0.001190185546875,0.001312255859375
random_n07_04,peigen,7,8192,1.9163839111328125,0.012138,0.005724,15.715566,3.71875,0.00151824951171875,0.001312255859375
random_n07_05,rank-shared,7,8192,0.156707763671875,0.011927,0.001885,1.297442,3.71484375,0.001190185546875,0.001312255859375
random_n07_05,peigen,7,8192,1.9126937255859375,0.011827,0.006095,15.686758,3.6875,0.00151824951171875,0.001312255859375
random_n07_05,rank-static,7,8192,0.3995953369140625,0.012689,0.001955,3.288399,3.68359375,0.001190185546875,0.001312255859375
random_n07_06,peigen,7,8192,1.9183170166015624,0.012088,0.006024,15.732404,3.71484375,0.00151824951171875,0.001312255859375
random_n07_06,rank-static,7,8192,0.3976485595703125,0.012118,0.001864,3.272211,3.71484375,0.001190185546875,0.001312255859375
random_n07_06,rank-shared,7,8192,0.154150634765625,0.012259,0.002105,1.276965,3.71484375,0.001190185546875,0.001312255859375
random_n07_07,rank-static,7,8192,0.396371337890625,0.011897,0.001975,3.261557,3.71875,0.001190185546875,0.001312255859375
random_n07_07,rank-shared,7,8192,0.1568143310546875,0.012509,0.001954,1.298104,3.69140625,0.001190185546875,0.001312255859375
random_n07_07,peigen,7,8192,1.9264952392578125,0.012478,0.005773,15.800442,3.71484375,0.00151824951171875,0.001312255859375
random_n07_08,rank-shared,7,8192,0.1565645751953125,0.012358,0.001714,1.297582,3.6796875,0.001190185546875,0.001312255859375
random_n07_08,peigen,7,8192,1.9252581787109375,0.011908,0.006034,15.79107,3.72265625,0.00151824951171875,0.001312255859375
random_n07_08,rank-static,7,8192,0.399755615234375,0.011908,0.008469,3.289562,3.72265625,0.001190185546875,0.001312255859375
random_n07_09,peigen,7,8192,1.92498046875,0.012369,0.006044,15.78679,3.71484375,0.00151824951171875,0.001312255859375
random_n07_09,rank-static,7,8192,0.3992662353515625,0.011807,0.002055,3.285773,3.6875,0.001190185546875,0.001312255859375
random_n07_09,rank-shared,7,8192,0.158032958984375,0.012259,0.002025,1.311796,3.71875,0.001190185546875,0.001312255859375
random_n06_00,rank-static,6,16384,0.224836669921875,0.012018,0.001854,3.701616,3.69921875,0.000701904296875,0.00093841552734375
random_n06_00,rank-shared,6,16384,0.122921142578125,0.011226,0.001613,2.034678,3.69921875,0.000701904296875,0.00093841552734375
random_n06_00,peigen,6,16384,0.542581787109375,0.011486,0.003999,8.90654,3.71484375,0.001068115234375,0.00093841552734375
random_n06_01,rank-shared,6,16384,0.12279266357421875,0.011306,0.001603,2.024324,3.69140625,0.000701904296875,0.00093841552734375
random_n06_01,peigen,6,16384,0.5438487548828125,0.011727,0.00405,8.926195,3.72265625,0.001068115234375,0.00093841552734375
random_n06_01,rank-static,6,16384,0.22600823974609374,0.011076,0.001864,3.716149,3.6875,0.000701904296875,0.00093841552734375
random_n06_02,peigen,6,16384,0.5497865600585937,0.011126,0.003849,9.028261,3.6875,0.001068115234375,0.00093841552734375
random_n06_02,rank-static,6,16384,0.2248880615234375,0.011927,0.001945,3.698217,3.71484375,0.000701904296875,0.00093841552734375
random_n06_02,rank-shared,6,16384,0.124316650390625,0.011497,0.001644,2.049543,3.69921875,0.000701904296875,0.00093841552734375
random_n06_03,rank-static,6,16384,0.22636175537109374,0.011396,0.001735,3.72134,3.71875,0.000701904296875,0.00093841552734375
random_n06_03,rank-shared,6,16384,0.12396051025390625,0.011687,0.001514,2.04435,3.69140625,0.000701904296875,0.00093841552734375
random_n06_03,peigen,6,16384,0.54705322265625,0.011056,0.00397,8.977764,3.72265625,0.001068115234375,0.00093841552734375
random_n06_04,rank-shared,6,16384,0.12212091064453125,0.012369,0.001934,2.015113,3.71875,0.000701904296875,0.00093841552734375
random_n06_04,peigen,6,16384,0.5475634155273438,0.011817,0.004029,8.986845,3.72265625,0.001068115234375,0.00093841552734375
random_n06_04,rank-static,6,16384,0.2256240234375,0.010975,0.001825,3.710616,3.71875,0.000701904296875,0.00093841552734375
random_n06_05,peigen,6,16384,0.5505238037109375,0.011556,0.01299,9.045391,3.72265625,0.001068115234375,0.00093841552734375
random_n06_05,rank-static,6,16384,0.22575433349609375,0.011898,0.001714,3.716991,3.71875,0.000701904296875,0.00093841552734375
random_n06_05,rank-shared,6,16384,0.12170440673828126,0.011356,0.001734,2.006563,3.69140625,0.000701904296875,0.00093841552734375
random_n06_06,rank-static,6,16384,0.2238516845703125,0.011457,0.001825,3.681037,3.72265625,0.000701904296875,0.00093841552734375
random_n06_06,rank-shared,6,16384,0.12390972900390625,0.011236,0.001584,2.042937,3.72265625,0.000701904296875,0.00093841552734375
random_n06_06,peigen,6,16384,0.553177001953125,0.012018,0.003818,9.082426,3.7109375,0.001068115234375,0.00093841552734375
random_n06_07,rank-shared,6,16384,0.122969482421875,0.011818,0.001544,2.030639,3.6875,0.000701904296875,0.00093841552734375
random_n06_07,peigen,6,16384,0.5447621459960937,0.011316,0.003739,8.940307,3.71484375,0.001068115234375,0.00093841552734375
random_n06_07,rank-static,6,16384,0.22549249267578125,0.011436,0.001864,3.709023,3.7109375,0.000701904296875,0.00093841552734375
random_n06_08,peigen,6,16384,0.5531372680664063,0.011546,0.003979,9.077996,3.71875,0.001068115234375,0.00093841552734375
random_n06_08,rank-static,6,16384,0.22802520751953126,0.011536,0.001714,3.758147,3.71875,0.000701904296875,0.00093841552734375
random_n06_08,rank-shared,6,16384,0.122147216796875,0.011647,0.001664,2.023021,3.6796875,0.000701904296875,0.00093841552734375
random_n06_09,rank-static,6,16384,0.22623211669921875,0.010995,0.002035,3.728016,3.71484375,0.000701904296875,0.00093841552734375
random_n06_09,rank-shared,6,16384,0.12266668701171875,0.011296,0.001804,2.024856,3.703125,0.000701904296875,0.00093841552734375
random_n06_09,peigen,6,16384,0.5488634643554687,0.011597,0.003829,9.015903,3.71484375,0.001068115234375,0.00093841552734375
random_n05_00,rank-shared,5,32768,0.10087704467773438,0.011176,0.001523,3.318138,3.70703125,0.000457763671875,0.0007781982421875
random_n05_00,peigen,5,32768,0.3052959899902344,0.011086,0.003227,10.01721,3.7109375,0.00092315673828125,0.0007781982421875
random_n05_00,rank-static,5,32768,0.14326394653320312,0.011216,0.001604,4.707182,3.71484375,0.000457763671875,0.0007781982421875
random_n05_01,peigen,5,32768,0.31133929443359376,0.010885,0.003158,10.215057,3.6875,0.00092315673828125,0.0007781982421875
random_n05_01,rank-static,5,32768,0.13843130493164063,0.011226,0.001754,4.550059,3.71875,0.000457763671875,0.0007781982421875
random_n05_01,rank-shared,5,32768,0.07844415283203125,0.010946,0.001614,2.583168,3.67578125,0.000457763671875,0.0007781982421875
random_n05_02,rank-static,5,32768,0.1359918518066406,0.010825,0.001714,4.468509,3.703125,0.000457763671875,0.0007781982421875
random_n05_02,rank-shared,5,32768,0.08620932006835938,0.011186,0.001493,2.838138,3.7109375,0.000457763671875,0.0007781982421875
random_n05_02,peigen,5,32768,0.31066241455078125,0.011025,0.003247,10.193818,3.6875,0.00092315673828125,0.0007781982421875
random_n05_03,rank-shared,5,32768,0.0782860107421875,0.010765,0.001454,2.577895,3.71875,0.000457763671875,0.0007781982421875
random_n05_03,peigen,5,32768,0.30718878173828124,0.011216,0.003037,10.079142,3.71484375,0.00092315673828125,0.0007781982421875
random_n05_03,rank-static,5,32768,0.13501211547851563,0.010945,0.001753,4.437548,3.6875,0.000457763671875,0.0007781982421875
random_n05_04,peigen,5,32768,0.3129112243652344,0.010765,0.003067,10.267057,3.71484375,0.00092315673828125,0.0007781982421875
random_n05_04,rank-static,5,32768,0.14297488403320313,0.011426,0.001433,4.698021,3.703125,0.000457763671875,0.0007781982421875
random_n05_04,rank-shared,5,32768,0.10024752807617188,0.010916,0.001573,3.297269,3.703125,0.000457763671875,0.0007781982421875
random_n05_05,rank-static,5,32768,0.14203366088867186,0.010645,0.006666,4.666598,3.703125,0.000457763671875,0.0007781982421875
random_n05_05,rank-shared,5,32768,0.100017822265625,0.011387,0.001383,3.291246,3.6796875,0.000457763671875,0.0007781982421875
random_n05_05,peigen,5,32768,0.31511697387695314,0.010946,0.002987,10.340187,3.70703125,0.00092315673828125,0.0007781982421875
random_n05_06,rank-shared,5,32768,0.099252197265625,0.010795,0.001603,3.270238,3.6640625,0.000457763671875,0.0007781982421875
random_n05_06,peigen,5,32768,0.31436083984375,0.010574,0.003118,10.314337,3.6875,0.00092315673828125,0.0007781982421875
random_n05_06,rank-static,5,32768,0.14139865112304686,0.010644,0.001744,4.64584,3.69921875,0.000457763671875,0.0007781982421875
random_n05_07,peigen,5,32768,0.31880715942382815,0.011036,0.003208,10.461538,3.7109375,0.00092315673828125,0.0007781982421875
random_n05_07,rank-static,5,32768,0.14335812377929688,0.010544,0.001574,4.709507,3.6640625,0.000457763671875,0.0007781982421875
random_n05_07,rank-shared,5,32768,0.1019149169921875,0.011235,0.001334,3.351555,3.72265625,0.000457763671875,0.0007781982421875
random_n05_08,rank-static,5,32768,0.141618896484375,0.010855,0.001714,4.653438,3.703125,0.000457763671875,0.0007781982421875
random_n05_08,rank-shared,5,32768,0.09949139404296875,0.010644,0.001634,3.272202,3.70703125,0.000457763671875,0.0007781982421875
random_n05_08,peigen,5,32768,0.31460922241210937,0.011065,0.003448,10.323468,3.6875,0.00092315673828125,0.0007781982421875
random_n05_09,rank-shared,5,32768,0.1001116943359375,0.010725,0.001534,3.292729,3.71875,0.000457763671875,0.0007781982421875
random_n05_09,peigen,5,32768,0.316498046875,0.011086,0.003007,10.385271,3.7109375,0.00092315673828125,0.0007781982421875
random_n05_09,rank-static,5,32768,0.14505917358398437,0.010885,0.001554,4.765357,3.703125,0.000457763671875,0.0007781982421875
random_n04_00,peigen,4,262144,0.06211944580078125,0.010505,0.002816,16.297541,3.6875,0.0008392333984375,0.00069427490234375
random_n04_00,rank-static,4,262144,0.04889808654785156,0.010515,0.002195,12.829997,3.68359375,0.000274658203125,0.00069427490234375
random_n04_00,rank-shared,4,262144,0.021304561614990235,0.010544,0.002256,5.597903,3.71484375,0.000274658203125,0.00069427490234375
random_n04_01,rank-static,4,262144,0.04568768692016602,0.010504,0.001885,11.997291,3.71875,0.000274658203125,0.00069427490234375
random_n04_01,rank-shared,4,262144,0.0283690185546875,0.010595,0.001914,7.449437,3.69921875,0.000274658203125,0.00069427490234375
random_n04_01,peigen,4,262144,0.06210441970825195,0.010314,0.002846,16.293862,3.6875,0.0008392333984375,0.00069427490234375
random_n04_02,rank-shared,4,262144,0.03435214233398438,0.010574,0.002205,9.017947,3.68359375,0.000274658203125,0.00069427490234375
random_n04_02,peigen,4,262144,0.06236147689819336,0.010274,0.003017,16.367503,3.7109375,0.0008392333984375,0.00069427490234375
random_n04_02,rank-static,4,262144,0.05538606643676758,0.010324,0.002225,14.531003,3.72265625,0.000274658203125,0.00069427490234375
random_n04_03,peigen,4,262144,0.06218425750732422,0.010124,0.002897,16.3145,3.69140625,0.0008392333984375,0.00069427490234375
random_n04_03,rank-static,4,262144,0.05551404190063477,0.010334,0.002125,14.566685,3.71484375,0.000274658203125,0.00069427490234375
random_n04_03,rank-shared,4,262144,0.033961910247802735,0.010374,0.001915,8.91545,3.72265625,0.000274658203125,0.00069427490234375
random_n04_04,rank-static,4,262144,0.05490858840942383,0.010544,0.002255,14.406255,3.69140625,0.000274658203125,0.00069427490234375
random_n04_04,rank-shared,4,262144,0.034210208892822266,0.009993,0.002285,8.979859,3.71484375,0.000274658203125,0.00069427490234375
random_n04_04,peigen,4,262144,0.06234488296508789,0.010033,0.002736,16.36174,3.671875,0.0008392333984375,0.00069427490234375
random_n04_05,rank-shared,4,262144,0.03210259246826172,0.010224,0.002145,8.42745,3.70703125,0.000274658203125,0.00069427490234375
random_n04_05,peigen,4,262144,0.06217224884033203,0.010023,0.002907,16.310901,3.71875,0.0008392333984375,0.00069427490234375
random_n04_05,rank-static,4,262144,0.047313724517822266,0.010444,0.002005,12.415939,3.71484375,0.000274658203125,0.00069427490234375
random_n04_06,peigen,4,262144,0.06229051208496094,0.009823,0.002706,16.342444,3.6796875,0.0008392333984375,0.00069427490234375
random_n04_06,rank-static,4,262144,0.054872756958007814,0.009451,0.002105,14.396091,3.67578125,0.000274658203125,0.00069427490234375
random_n04_06,rank-shared,4,262144,0.03390578079223633,0.010424,0.002025,8.902259,3.70703125,0.000274658203125,0.00069427490234375
random_n04_07,rank-static,4,262144,0.05068154144287109,0.010594,0.002155,13.299163,3.66015625,0.000274658203125,0.00069427490234375
random_n04_07,rank-shared,4,262144,0.03043288803100586,0.010364,0.001905,7.99108,3.68359375,0.000274658203125,0.00069427490234375
random_n04_07,peigen,4,262144,0.06223927307128906,0.010395,0.002867,16.329314,3.69140625,0.0008392333984375,0.00069427490234375
random_n04_08,rank-shared,4,262144,0.03207969284057617,0.010675,0.001844,8.422399,3.72265625,0.000274658203125,0.00069427490234375
random_n04_08,peigen,4,262144,0.06227586364746094,0.010154,0.002767,16.337453,3.71484375,0.0008392333984375,0.00069427490234375
random_n04_08,rank-static,4,262144,0.050040023803710934,0.010454,0.002285,13.130051,3.6875,0.000274658203125,0.00069427490234375
random_n04_09,peigen,4,262144,0.06223380661010742,0.010966,0.003027,16.326778,3.71484375,0.0008392333984375,0.00069427490234375
random_n04_09,rank-static,4,262144,0.04250202178955078,0.010294,0.001894,11.155572,3.72265625,0.000274658203125,0.00069427490234375
random_n04_09,rank-shared,4,262144,0.03192724609375,0.010544,0.001995,8.382205,3.6640625,0.000274658203125,0.00069427490234375
random_n03_00,rank-static,3,262144,0.03289238739013672,0.010976,0.002154,8.638709,3.70703125,0.000244140625,0.00064849853515625
random_n03_00,rank-shared,3,262144,0.017182472229003907,0.009863,0.002376,4.517052,3.71875,0.000244140625,0.00064849853515625
random_n03_00,peigen,3,262144,0.05099763488769531,0.010364,0.002896,13.382526,3.71484375,0.00078582763671875,0.00064849853515625
random_n03_01,rank-shared,3,262144,0.017853199005126955,0.010264,0.001984,4.700837,3.71484375,0.000244140625,0.00064849853515625
random_n03_01,peigen,3,262144,0.050844844818115235,0.010274,0.002776,13.346843,3.70703125,0.00078582763671875,0.00064849853515625
random_n03_01,rank-static,3,262144,0.034111942291259766,0.010043,0.002185,8.954229,3.71484375,0.000244140625,0.00064849853515625
random_n03_02,peigen,3,262144,0.05077927017211914,0.009973,0.002957,13.324411,3.71484375,0.00078582763671875,0.00064849853515625
random_n03_02,rank-static,3,262144,0.03494390869140625,0.010485,0.002105,9.173297,3.71875,0.000244140625,0.00064849853515625
random_n03_02,rank-shared,3,262144,0.01885626983642578,0.010664,0.001995,4.955456,3.703125,0.000244140625,0.00064849853515625
random_n03_03,rank-static,3,262144,0.037750732421875,0.010855,0.002355,9.908667,3.70703125,0.000244140625,0.00064849853515625
random_n03_03,rank-shared,3,262144,0.02270003890991211,0.009733,0.001984,5.962325,3.71484375,0.000244140625,0.00064849853515625
random_n03_03,peigen,3,262144,0.05087853240966797,0.010103,0.002886,13.350772,3.7109375,0.00078582763671875,0.00064849853515625
random_n03_04,rank-shared,3,262144,0.017206027984619142,0.010274,0.001924,4.522876,3.6953125,0.000244140625,0.00064849853515625
random_n03_04,peigen,3,262144,0.05082599258422851,0.010935,0.002767,13.335817,3.703125,0.00078582763671875,0.00064849853515625
random_n03_04,rank-static,3,262144,0.03300422286987305,0.010123,0.002235,8.66509,3.71484375,0.000244140625,0.00064849853515625
random_n03_05,peigen,3,262144,0.05071866607666015,0.010034,0.002707,13.307923,3.68359375,0.00078582763671875,0.00064849853515625
random_n03_05,rank-static,3,262144,0.03470818710327148,0.010053,0.002225,9.110821,3.71484375,0.000244140625,0.00064849853515625
random_n03_05,rank-shared,3,262144,0.019048439025878907,0.010364,0.002095,5.004951,3.6953125,0.000244140625,0.00064849853515625
random_n03_06,rank-static,3,262144,0.03353738021850586,0.010203,0.002205,8.804202,3.71875,0.000244140625,0.00064849853515625
random_n03_06,rank-shared,3,262144,0.01750426483154297,0.010605,0.002475,4.604484,3.65625,0.000244140625,0.00064849853515625
random_n03_06,peigen,3,262144,0.05087080764770508,0.010154,0.002866,13.348998,3.71484375,0.00078582763671875,0.00064849853515625
random_n03_07,rank-shared,3,262144,0.017113037109375,0.009382,0.002105,4.499692,3.68359375,0.000244140625,0.00064849853515625
random_n03_07,peigen,3,262144,0.05082442474365234,0.010424,0.002777,13.336148,3.72265625,0.00078582763671875,0.00064849853515625
random_n03_07,rank-static,3,262144,0.03302677917480469,0.011066,0.002195,8.670833,3.6796875,0.000244140625,0.00064849853515625
random_n03_08,peigen,3,262144,0.050809017181396486,0.010243,0.002866,13.331728,3.7109375,0.00078582763671875,0.00064849853515625
random_n03_08,rank-static,3,262144,0.03464708709716797,0.010334,0.002115,9.095386,3.72265625,0.000244140625,0.00064849853515625
random_n03_08,rank-shared,3,262144,0.017906078338623045,0.010535,0.001904,4.70645,3.66796875,0.000244140625,0.00064849853515625
random_n03_09,rank-static,3,262144,0.035660289764404295,0.010555,0.002174,9.36106,3.70703125,0.000244140625,0.00064849853515625
random_n03_09,rank-shared,3,262144,0.020957305908203126,0.011015,0.001874,5.505719,3.6953125,0.000244140625,0.00064849853515625
random_n03_09,peigen,3,262144,0.05074428558349609,0.009713,0.002876,13.314769,3.71875,0.00078582763671875,0.00064849853515625
PRESENT,rank-shared,4,262144,0.034415874481201175,0.010534,0.001965,9.035637,3.70703125,0.000274658203125,0.00069427490234375
PRESENT,peigen,4,262144,0.06202595901489258,0.010785,0.002876,16.273826,3.6796875,0.0008392333984375,0.00069427490234375
PRESENT,rank-static,4,262144,0.05436219787597656,0.009582,0.002626,14.263484,3.6875,0.000274658203125,0.00069427490234375
AES,bitwise,8,4096,2.771554443359375,0.013992,0.016448,11.380734,3.6953125,0.00246429443359375,0.0020751953125
AES,peigen,8,4096,3.71923583984375,0.013471,0.020428,15.276969,3.73046875,0.00246429443359375,0.0020751953125
AES,rank-static,8,4096,0.723630126953125,0.01297,0.009722,2.98605,3.7109375,0.002166748046875,0.0020751953125
AES,rank-shared,8,4096,0.20191259765625,0.01327,0.010545,0.847802,3.6953125,0.002166748046875,0.0020751953125
CLEFIA_S0,peigen,8,4096,3.728478271484375,0.013751,0.025759,15.313643,3.703125,0.00246429443359375,0.0020751953125
CLEFIA_S0,rank-static,8,4096,0.721114501953125,0.013361,0.011076,2.978712,3.69140625,0.002166748046875,0.0020751953125
CLEFIA_S0,rank-shared,8,4096,0.198946533203125,0.013261,0.009041,0.838811,3.66796875,0.002166748046875,0.0020751953125
CLEFIA_S0,bitwise,8,4096,2.77305712890625,0.013371,0.014884,11.386697,3.71484375,0.00246429443359375,0.0020751953125
CLEFIA_S1,rank-static,8,4096,0.717404541015625,0.01325,0.011236,2.96084,3.69140625,0.002166748046875,0.0020751953125
CLEFIA_S1,rank-shared,8,4096,0.204623779296875,0.013471,0.010785,0.864089,3.71875,0.002166748046875,0.0020751953125
CLEFIA_S1,bitwise,8,4096,2.782483154296875,0.012399,0.013721,11.42266,3.71484375,0.00246429443359375,0.0020751953125
CLEFIA_S1,peigen,8,4096,3.725297119140625,0.01294,0.022542,15.295752,3.734375,0.00246429443359375,0.0020751953125
MISTY1_S9,bitwise,9,1024,6.1824501953125,0.024807,0.1514,6.505162,3.7109375,0.00444793701171875,0.003631591796875
MISTY1_S9,rank-static,9,1024,1.4027470703125,0.022963,0.006215,1.465722,3.7265625,0.004119873046875,0.003631591796875
MISTY1_S9,rank-shared,9,1024,0.280052734375,0.022021,0.006184,0.313646,3.72265625,0.004119873046875,0.003631591796875
MISTY1_FI_key0000,rank-static,16,128,301.5592890625,0.707878,0.622039,39.936743,5.01953125,0.500213623046875,0.445892333984375
MISTY1_FI_key0000,rank-shared,16,128,49.7596640625,0.68275,0.627171,7.686024,5.03515625,0.500213623046875,0.445892333984375
MISTY1_FI_key0000,bitwise,16,128,50246.98715625,0.680364,2381.147154,8813.447317,5.078125,0.6491012573242188,0.445892333984375
