input,method,steps,context_ms,init_ms,kernel_ms,total_ms,min_total_ms,max_total_ms,peak_rss_mib
MISTY1_FI_key0000,bitwise,1,0.679518,2380.84962,1204.733394,3586.316226,3583.560258,3634.804437,5.0390625
MISTY1_FI_key0000,bitwise,16,0.679518,2380.84962,2835.580829,5217.479514,5209.094975,5277.559511,5.0390625
MISTY1_FI_key0000,bitwise,128,0.679518,2380.84962,6221.336775,8603.656514,8588.704154,8648.275068,5.0390625
MISTY1_FI_key0000,bitwise,512,0.679518,2380.84962,18556.663187,20948.657094,20908.560912,21078.99892,5.0390625
MISTY1_FI_key0000,rank-shared,1,0.686063,0.702551,0.080566,1.472799,1.456642,1.526302,4.9765625
MISTY1_FI_key0000,rank-shared,16,0.686063,0.702551,4.19029,5.582613,5.532587,5.637448,4.9765625
MISTY1_FI_key0000,rank-shared,128,0.686063,0.702551,6.369879,7.762202,7.693885,7.825005,4.9765625
MISTY1_FI_key0000,rank-shared,512,0.686063,0.702551,15.199572,16.593351,16.49745,16.645378,4.9765625
MISTY1_FI_key0000,rank-static,1,0.679809,0.71042,0.330453,1.728958,1.704593,1.745888,5.0
MISTY1_FI_key0000,rank-static,16,0.679809,0.71042,8.176455,9.577211,9.531129,9.612983,5.0
MISTY1_FI_key0000,rank-static,128,0.679809,0.71042,38.526794,39.901054,39.722592,40.200147,5.0
MISTY1_FI_key0000,rank-static,512,0.679809,0.71042,144.671096,146.057816,145.58423,146.209794,5.0
random_n08_00,peigen,1,0.02165,0.017561,0.00417,0.0434,0.036725,0.046166,3.70703125
random_n08_00,peigen,16,0.02165,0.017561,0.060259,0.099731,0.092664,0.101935,3.70703125
random_n08_00,peigen,128,0.02165,0.017561,0.472543,0.511543,0.509408,0.521857,3.70703125
random_n08_00,peigen,512,0.02165,0.017561,1.91557,1.950151,1.947975,1.966599,3.70703125
random_n08_00,rank-shared,1,0.021841,0.002516,0.000892,0.025379,0.022051,0.026802,3.68359375
random_n08_00,rank-shared,16,0.021841,0.002516,0.00431,0.028797,0.025569,0.03019,3.68359375
random_n08_00,rank-shared,128,0.021841,0.002516,0.028907,0.053223,0.050878,0.054677,3.68359375
random_n08_00,rank-shared,512,0.021841,0.002516,0.109233,0.13372,0.133368,0.134692,3.68359375
random_n08_00,rank-static,1,0.021209,0.002415,0.001764,0.024817,0.023494,0.028196,3.65234375
random_n08_00,rank-static,16,0.021209,0.002415,0.013822,0.036835,0.035672,0.040304,3.65234375
random_n08_00,rank-static,128,0.021209,0.002415,0.095902,0.118795,0.117902,0.126724,3.65234375
random_n08_00,rank-static,512,0.021209,0.002415,0.3803,0.403924,0.399263,0.408064,3.65234375
random_n12_00,bitwise,1,0.067476,0.209625,0.137347,0.41511,0.411823,0.418608,3.71484375
random_n12_00,bitwise,16,0.067476,0.209625,2.258734,2.53772,2.521973,2.567459,3.71484375
random_n12_00,bitwise,128,0.067476,0.209625,17.581083,17.858846,17.812729,18.071909,3.71484375
random_n12_00,bitwise,512,0.067476,0.209625,70.472476,70.753415,70.494778,71.743977,3.71484375
random_n12_00,rank-shared,1,0.067336,0.028385,0.001092,0.098919,0.092564,0.109102,3.7578125
random_n12_00,rank-shared,16,0.067336,0.028385,0.00891,0.106707,0.100422,0.11688,3.7578125
random_n12_00,rank-shared,128,0.067336,0.028385,0.064679,0.162286,0.156391,0.172689,3.7578125
random_n12_00,rank-shared,512,0.067336,0.028385,0.239985,0.33722,0.335536,0.347995,3.7578125
random_n12_00,rank-static,1,0.066915,0.028335,0.013411,0.114936,0.1082,0.115948,3.74609375
random_n12_00,rank-static,16,0.066915,0.028335,0.197737,0.299152,0.292687,0.300585,3.74609375
random_n12_00,rank-static,128,0.066915,0.028335,1.569811,1.671226,1.663778,1.675435,3.74609375
random_n12_00,rank-static,512,0.066915,0.028335,6.270002,6.372238,6.362947,6.833936,3.74609375
random_n16_00,bitwise,1,0.687676,32.059727,31.010937,63.739917,62.233483,69.63918,5.03515625
random_n16_00,bitwise,16,0.687676,32.059727,493.741745,526.470725,514.266623,577.60339,5.03515625
random_n16_00,bitwise,128,0.687676,32.059727,3949.865375,3982.594355,3891.688457,4371.291606,5.03515625
random_n16_00,bitwise,512,0.687676,32.059727,15801.539134,15834.268114,15460.211909,17382.181276,5.03515625
random_n16_00,rank-shared,1,0.698482,0.650329,0.001253,1.350054,1.321428,1.380253,5.00390625
random_n16_00,rank-shared,16,0.698482,0.650329,0.023014,1.372196,1.343128,1.401973,5.00390625
random_n16_00,rank-shared,128,0.698482,0.650329,0.150558,1.506555,1.46991,1.529317,5.00390625
random_n16_00,rank-shared,512,0.698482,0.650329,0.570757,1.917844,1.8856,1.949937,5.00390625
random_n16_00,rank-static,1,0.678986,0.653818,0.251319,1.588926,1.571253,1.616869,5.01171875
random_n16_00,rank-static,16,0.678986,0.653818,4.033423,5.361347,5.348705,5.438714,5.01171875
random_n16_00,rank-static,128,0.678986,0.653818,32.264657,33.584621,33.503802,33.978657,5.01171875
random_n16_00,rank-static,512,0.678986,0.653818,129.826558,131.154482,130.698219,131.678852,5.01171875
random_n19_00,bitwise,1,5.448878,1903.630014,1890.922917,3799.987441,3743.680562,4101.982144,15.8125
random_n19_00,bitwise,16,5.448878,1903.630014,30251.158857,32160.223381,31687.673438,34729.151745,15.8125
random_n19_00,bitwise,128,5.448878,1903.630014,242057.126336,243966.19086,240315.110181,263414.205413,15.8125
random_n19_00,rank-shared,1,5.572278,4.724449,0.003468,10.310146,10.134875,10.430748,14.25390625
random_n19_00,rank-shared,16,5.572278,4.724449,0.028857,10.336166,10.159993,10.456137,14.25390625
random_n19_00,rank-shared,128,5.572278,4.724449,0.421835,10.728542,10.558093,10.851801,14.25390625
random_n19_00,rank-static,1,5.506828,4.675035,2.386852,12.572879,12.390262,12.982162,14.25
random_n19_00,rank-static,16,5.506828,4.675035,38.306376,48.488239,48.294241,48.921181,14.25
random_n19_00,rank-static,128,5.506828,4.675035,305.573869,315.876276,315.39507,316.267557,14.25
