input,steps,scanned_rows,basis_xors,coefficient_updates,final_sum
random_n08_00,0,10,16,0,1784
random_n08_00,1,20,36,80,1784
random_n08_00,16,174,268,460,1784
random_n08_00,128,1367,2084,4962,1785
random_n12_00,0,13,31,0,45045
random_n12_00,1,26,56,144,45045
random_n12_00,16,241,617,3048,45042
random_n12_00,128,1885,4811,28693,45044
random_n16_00,0,18,62,0,983024
random_n16_00,1,36,114,132,983024
random_n16_00,16,325,1214,20088,983024
random_n16_00,128,2422,8582,125244,983025
random_n19_00,0,22,90,0,9437165
random_n19_00,1,44,190,2176,9437165
random_n19_00,16,362,1523,22736,9437165
random_n19_00,128,2810,11979,451868,9437165
MISTY1_S9,0,478,18,0,1022
MISTY1_S9,1,952,57,28,2558
MISTY1_S9,16,4799,3993,708,4088
MISTY1_S9,128,6117,6418,8327,4085
MISTY1_FI_key0000,0,65376,2053,0,262013
MISTY1_FI_key0000,1,130752,5073,960,622525
MISTY1_FI_key0000,16,1087879,1836393,50272,983014
MISTY1_FI_key0000,128,1341977,2836746,180758,983024
