n,steps,baseline,baseline_us,baseline_us_q1,baseline_us_q3,rank_us,rank_us_q1,rank_us_q3,baseline_over_rank,baseline_over_rank_q1,baseline_over_rank_q3,baseline_total_ms,baseline_total_ms_q1,baseline_total_ms_q3,rank_total_ms,rank_total_ms_q1,rank_total_ms_q3,baseline_total_over_rank,baseline_total_over_rank_q1,baseline_total_over_rank_q3,static_us,static_us_q1,static_us_q3,baseline_over_static,baseline_over_static_q1,baseline_over_static_q3,static_over_rank,static_over_rank_q1,static_over_rank_q3,static_total_ms,static_total_ms_q1,static_total_ms_q3,baseline_total_over_static,baseline_total_over_static_q1,baseline_total_over_static_q3,static_total_over_rank,static_total_over_rank_q1,static_total_over_rank_q3
3,262144,peigen,0.05082520866394043,0.05078670692443848,0.050864316940307616,0.017879638671875,0.0172805871963501,0.019000396728515626,2.8427346641416458,2.6702026998225707,2.9420219927553264,13.3359825,13.32624025,13.34845925,4.7036435,4.543278,4.99257725,2.8359493567505925,2.666422906183181,2.936176936623057,0.03437951469421387,0.03315442943572998,0.03488497829437256,1.478501073585702,1.4551959225344335,1.5333737299135806,1.9124948189935136,1.8298690032621932,1.9176221355068799,9.0248075,8.70417525,9.157678,1.4781656551027293,1.454559166586547,1.5325870913543804,1.9084544842414195,1.8280589917588803,1.9149937563397705
4,262144,peigen,0.06223653984069824,0.06217525100708008,0.06228684997558594,0.032091142654418946,0.030806477546691895,0.03394787788391113,1.9389799646416412,1.8325412341277787,2.0211585391127898,16.328046,16.31180075,16.34119625,8.4249245,8.08886125,8.91215225,1.937605784664612,1.831375857614729,2.0195296036285626,0.05036078262329101,0.04770981502532959,0.05489963054656982,1.2362836189051172,1.1352433744573576,1.3031284445137659,1.6113906798335242,1.5711583308376107,1.6305452222858985,13.214607,12.519453500000001,14.403714,1.2360623593765618,1.1353347299761516,1.3028470735651423,1.6109195146795954,1.5702795357264077,1.6296843550671403
5,32768,peigen,0.3136360321044922,0.3108316345214844,0.3149900360107422,0.09975460815429688,0.08947003936767578,0.10021356964111328,3.161812272340112,3.1337793625026276,3.4945104029809997,10.290697,10.19912775,10.33600725,3.281724,2.946163,3.296134,3.1540015375784414,3.126479741567464,3.48252038516239,0.14182627868652342,0.1391731414794922,0.1431916809082031,2.222371917169048,2.196083005036731,2.2427523357387162,1.4254292785811171,1.4209950159357643,1.545339179268578,4.660018,4.57400425,4.70489175,2.219291789833633,2.192997044589162,2.2391202322118753,1.4234669788190741,1.4191268407996849,1.5426472738600017
6,16384,peigen,0.5482134399414063,0.5453349151611329,0.5503394927978515,0.12285690307617188,0.12227708435058593,0.12367466735839844,4.447207274527894,4.424102013588774,4.481443148047213,9.001374,8.949671250000002,9.0411085,2.0277475000000003,2.02334675,2.0408722499999996,4.427619269803933,4.403282619147413,4.457945556629024,0.22568917846679687,0.22503916931152343,0.2261761474609375,2.4259400435949767,2.4160880804916367,2.435668720111644,1.837147602092963,1.8268379486184068,1.846730457617978,3.7133825,3.70346775,3.72025275,2.4169848024748943,2.410942863799162,2.4306258604987763,1.8311390526451785,1.81952402450561,1.8413267524829047
7,8192,peigen,1.922894958496094,1.9168671874999998,1.9257161254882813,0.1568846435546875,0.15660037231445312,0.15801919555664062,12.237841029820027,12.142263759603004,12.284040163158599,15.773675,15.722173249999999,15.79449,1.299953,1.29763725,1.3111395,12.11209642453035,12.013618636418267,12.163217077827417,0.3987015380859375,0.39809341430664064,0.39968157958984374,4.81869165263133,4.803796593742903,4.834185031217814,2.533313063634285,2.5267677007721923,2.5524564842528017,3.2811624999999998,3.27549225,3.28845975,4.802472880749869,4.7889621360630485,4.81874918292455,2.5143372134963897,2.5065626059640476,2.534991976129453
8,4096,peigen,3.738235107421875,3.7332047729492186,3.7559971923828126,0.2016617431640625,0.2002039794921875,0.2029091796875,18.641963993133412,18.44464078034827,18.669994053863075,15.342873,15.32912375,15.418515750000001,0.8511645,0.8467439999999999,0.8550457499999999,18.085194130130986,17.96440281832335,18.16367730628512,0.71934765625,0.7183614501953125,0.7206587524414063,5.208285973640958,5.188288873879159,5.222974848458071,3.5669210872226413,3.5474446195014604,3.603361584465125,2.9716370000000003,2.96961875,2.97718175,5.17207682328062,5.153484818971011,5.185979500334815,3.490108247078389,3.4827949116158363,3.520434421423941
9,1024,bitwise,6.06147265625,6.049100341796875,6.096365478515625,0.25763720703125,0.2552685546875,0.259490234375,23.521189975821706,23.30471355562166,23.872487567947726,6.2450814999999995,6.22916925,6.27693275,0.29190550000000004,0.289522,0.295416,21.340296100893116,21.08390831235694,21.718794668519138,1.3845078124999999,1.382294921875,1.38534130859375,4.374503488903912,4.366921797648812,4.409907550255362,5.374329932019366,5.338914995744449,5.405958159900386,1.4477,1.446407,1.4492907499999998,4.311870841484966,4.3010502010551015,4.330800773300529,4.951532629921978,4.905583258462271,4.987275813198377
10,512,bitwise,15.843567382812498,15.752893066406251,15.91028369140625,0.31559375,0.31014208984374997,0.317537109375,50.446880702406844,49.72567824706694,50.86947592541423,8.1725015,8.122620999999999,8.20339875,0.19806849999999998,0.19671525,0.19907550000000002,41.34454168523044,41.20751783096388,41.60909364892957,2.8819042968749997,2.87845751953125,2.8868510742187503,5.491965590248185,5.469233059984171,5.509823510334933,9.135074291312124,9.070618226367015,9.286764959883163,1.5127155,1.5105355,1.51453425,5.401048206484534,5.373986853251948,5.417368724266317,7.6352352380940305,7.599702315640384,7.701256700509454
11,256,bitwise,43.16022851562499,42.9261728515625,43.3229169921875,0.39730468750000003,0.3908486328125,0.40502148437499996,107.75310408167441,106.66305743243711,110.26327313921082,11.161739,11.100139500000001,11.210983,0.15469349999999998,0.153145,0.15604099999999999,71.95956990035194,71.78116503911278,72.50561444250644,5.8592988281250005,5.8497880859375,5.8705361328125,7.373914910793345,7.3169728456459895,7.391945480267498,14.723988845789716,14.495525234016078,15.010380660240925,1.5540115,1.552362,1.556103,7.182445056778764,7.14495225723209,7.210223909295781,10.024717334335026,9.974751892628191,10.160711445409978
12,128,bitwise,136.9544296875,136.76298828125,137.05651953125,0.4999453125,0.49843554687499997,0.508912109375,274.18319187495877,268.9470736968527,274.7799182383283,17.806416,17.778819499999997,17.819827250000003,0.1568885,0.15434900000000001,0.159728,113.46650567115438,111.43675376633831,114.74482500009432,12.321796875,12.308955078125,12.334730468750001,11.12456192997031,11.085374743000632,11.130427603356791,24.632200227253783,24.224554132105872,24.71490327890747,1.6686415,1.6668645,1.670341,10.67000395517157,10.653082567132623,10.683258175273266,10.634104774923957,10.44116520601217,10.823647772808545
13,128,bitwise,492.1655078125,490.9351015625,492.710095703125,0.61963671875,0.602408203125,0.646296875,792.1362663504469,762.0095799437297,816.1315826964596,63.712745,63.55943875,63.7885025,0.2367175,0.23108925,0.23767225,268.6097341003314,267.2666042963331,276.03461838969326,26.285515625000002,26.2830078125,26.2931484375,18.720873696873582,18.678425688977526,18.742103397987226,42.42377660134883,40.68390189305091,43.64998915787946,3.5191584999999996,3.5167184999999996,3.5205045000000004,18.0954495560339,18.058603627909143,18.12616378156072,14.851341953341983,14.801899558823713,15.233942284566531
14,128,bitwise,1836.2380351562501,1835.0731953125,1839.042677734375,0.80201171875,0.795392578125,0.8254648437500001,2291.228641541361,2231.8363469262454,2301.672606926158,237.369668,237.21924825,237.7011915,0.3720365,0.368803,0.375046,637.0417864535516,633.871780721422,643.1375362061925,56.739906250000004,56.721009765625,56.78801953125,32.35117585375191,32.33472767112028,32.40216350342959,70.77411843222248,68.77313974786524,71.34805466655546,7.530968,7.530296,7.534898,31.52541342053794,31.477271838307264,31.534976566750064,20.246575041582535,20.078942374898446,20.440580086276498
15,128,bitwise,7549.27221484375,7508.407734375,7624.722072265625,1.04276953125,0.99075,1.100400390625,7206.507261618028,6933.187217460184,7605.795748320172,974.7421355,969.46335075,984.42707575,0.709788,0.7004035,0.71815175,1376.6320114391651,1368.5386317675789,1385.4823103199933,119.48323828125,119.373216796875,119.63618359374999,63.212812725848124,62.784825478983564,63.80435593377551,114.79082168406154,108.9658601361771,120.50384263158172,15.868955,15.855279,15.88067875,61.47766110668654,61.07042781309581,62.03028919170305,22.339783959550253,22.170617009864255,22.65991415862746
16,128,bitwise,30593.76409765625,30444.404880859376,31200.22839453125,1.4384453124999999,1.3363125,1.48032421875,21781.941849765215,20702.334803992282,22892.561573962204,3948.46461,3929.23275775,4026.66368325,1.409578,1.401138,1.41254975,2794.674727586911,2783.354470579144,2866.7408642513938,252.68376953125,251.773388671875,253.230400390625,121.1203422938195,120.3639272217368,123.54767721711198,175.47601493677433,170.13209668965635,189.2111324644106,33.565115,33.46696875,33.634395250000004,117.60849062389977,116.90752342131361,120.03737164988375,23.826104242066144,23.726412154661745,23.95863634380613
17,32,bitwise,117460.48343749999,117444.230046875,117531.46574218749,1.557828125,1.485625,1.8225859375,75484.61809187155,64663.04796801876,79045.68991363609,3880.3340625,3879.57631325,3882.5434205,2.4788705,2.4740955,2.48279125,1566.3694280786744,1562.7833103864245,1576.5796638122902,760.4168593750001,758.5327265625,761.4443203124999,154.78386534615493,154.49639350684228,155.06450890930003,487.2666611515591,418.1217029101926,513.0415257862874,26.792845999999997,26.741505,26.813274749999998,145.12040790055158,144.79818456973794,145.27208721722866,10.818153998289532,10.77078707610778,10.851569067940066
18,16,bitwise,472403.26834375,469664.514171875,473356.36292187497,2.83409375,2.118515625,3.1255156250000002,167631.40779335296,151255.595729171,223150.1473934662,8038.983158999999,7992.535688,8055.0815805,4.8843309999999995,4.87309825,4.898764,1645.3734180170206,1630.8458380383152,1656.9638977642846,1616.55434375,1605.536609375,1618.09575,293.2082122126933,290.81719361169814,294.27525460254986,569.5022114556841,516.0487806936542,768.2666550823526,30.7764095,30.616161499999997,30.80771425,261.8675502906454,259.9413184384538,262.86230467751466,6.290739254692794,6.2842051729249855,6.315593201945887
19,8,bitwise,1869893.133625,1867349.79121875,1876958.8033125,3.09725,2.46009375,4.15865625,612011.3405888998,450203.1676573472,763966.7617919913,16845.588936,16823.03113875,16910.41628325,9.957550999999999,9.8958575,9.9736115,1696.0456493646548,1689.4681338453133,1706.7495654802176,3415.3474374999996,3407.69246875,3420.6302812500003,548.7960407626474,546.4508846195142,549.4107892541078,1106.6573585355582,823.1479477462337,1390.8110241757126,37.464332,37.403435,37.5212455,450.50890444633853,448.8357073487544,451.21142183853397,3.7680814279210892,3.7604625135003267,3.7759051967910415
