group,case,metric,profile,threads,baseline,proposed,paired_algorithm_speedup,paired_batch_total_speedup
A,random_n08_00,max,high,1,reference,reference-proposed,12.720687331536388,4.125456666857941
A,random_n08_00,max,high,2,reference,reference-proposed,5.8978061004347975,2.4734158323487345
A,random_n08_00,max,high,4,reference,reference-proposed,12.28837140093743,5.019740595641094
A,random_n08_00,max,high,8,reference,reference-proposed,12.027350669595409,4.27861976739474
A,random_n08_00,max,high,16,reference,reference-proposed,12.06769185490398,3.951281344723064
A,random_n08_00,max,high,32,reference,reference-proposed,11.99599738010334,3.340499477148305
A,random_n08_00,max,high,64,reference,reference-proposed,12.058555580045551,3.5873157153722914
A,random_n08_00,max,natural,1,reference,reference-proposed,25.167974882260598,4.08975399333732
A,random_n08_00,max,natural,2,reference,reference-proposed,52.871980676328505,8.08068720885508
A,random_n08_00,max,natural,4,reference,reference-proposed,55.03113391119759,8.610222799399375
A,random_n08_00,max,natural,8,reference,reference-proposed,18.282582303792044,3.480852557673019
A,random_n08_00,max,natural,16,reference,reference-proposed,23.86675919500347,3.99885918463989
A,random_n08_00,max,natural,32,reference,reference-proposed,21.230498084291188,3.5961266820310755
A,random_n08_00,max,natural,64,reference,reference-proposed,22.8733841564468,3.292132529914822
A,random_n08_00,min,static,1,reference,reference-proposed,68.16454693255953,52.91260865362452
A,random_n08_00,min,static,2,reference,reference-proposed,23.265673989143117,18.54289797729273
A,random_n08_00,min,static,4,reference,reference-proposed,24.081456892387695,19.618939959319256
A,random_n08_00,min,static,8,reference,reference-proposed,15.167034804508484,10.216065126577247
A,random_n08_00,min,static,16,reference,reference-proposed,12.42881542529658,9.778758630661894
A,random_n08_00,min,static,32,reference,reference-proposed,14.17082817516104,10.56578330677451
A,random_n08_00,min,static,64,reference,reference-proposed,21.78220640569395,15.97939957728461
A,random_n08_00,spectrum,high,1,reference,reference-proposed,35.13383436267579,17.885440136649862
A,random_n08_00,spectrum,high,2,reference,reference-proposed,18.942925197866483,10.716084017637895
A,random_n08_00,spectrum,high,4,reference,reference-proposed,9.63046776366742,6.386074418308559
A,random_n08_00,spectrum,high,8,reference,reference-proposed,5.671269042978391,3.7621357591969646
A,random_n08_00,spectrum,high,16,reference,reference-proposed,2.4489086447754342,1.936584686550175
A,random_n08_00,spectrum,high,32,reference,reference-proposed,1.6660277701540858,1.4148966516375305
A,random_n08_00,spectrum,high,64,reference,reference-proposed,1.4364657696860788,1.3213311649764343
A,random_n08_00,spectrum,natural,1,reference,reference-proposed,58.573203532038704,13.727432970842955
A,random_n08_00,spectrum,natural,2,reference,reference-proposed,61.107682310469315,15.380693979681046
A,random_n08_00,spectrum,natural,4,reference,reference-proposed,43.50296076980015,11.474759493499732
A,random_n08_00,spectrum,natural,8,reference,reference-proposed,22.953619806857215,6.721096171651705
A,random_n08_00,spectrum,natural,16,reference,reference-proposed,12.222622217686192,4.220852167555429
A,random_n08_00,spectrum,natural,32,reference,reference-proposed,10.238980232508135,3.8609342505987523
A,random_n08_00,spectrum,natural,64,reference,reference-proposed,12.555630976623439,5.173189328540111
A,random_n12_00,max,high,1,reference,reference-proposed,26.932111492936237,2.2245943063000526
A,random_n12_00,max,high,2,reference,reference-proposed,24.64800330662597,2.5710958783724402
A,random_n12_00,max,high,4,reference,reference-proposed,15.476544404881253,1.8460539284864588
A,random_n12_00,max,high,8,reference,reference-proposed,12.526360574366247,1.8125881718536379
A,random_n12_00,max,high,16,reference,reference-proposed,8.277886556014098,1.6036604135983499
A,random_n12_00,max,high,32,reference,reference-proposed,7.895821283979179,1.658987487288323
A,random_n12_00,max,high,64,reference,reference-proposed,7.4880383823336105,1.6467145376835624
A,random_n12_00,max,natural,1,reference,reference-proposed,187.1871745683749,2.1646400238816965
A,random_n12_00,max,natural,2,reference,reference-proposed,101.94712086659065,2.29599868690346
A,random_n12_00,max,natural,4,reference,reference-proposed,70.90569135352061,1.9875981141241528
A,random_n12_00,max,natural,8,reference,reference-proposed,36.43533720636525,1.776848430866975
A,random_n12_00,max,natural,16,reference,reference-proposed,18.294013814274752,1.6142881822787563
A,random_n12_00,max,natural,32,reference,reference-proposed,20.201416371589254,1.7161135944120092
A,random_n12_00,max,natural,64,reference,reference-proposed,38.341525310538266,1.7737557627496587
A,random_n12_00,min,static,1,reference,reference-proposed,575.0503109320211,355.7439625859385
A,random_n12_00,min,static,2,reference,reference-proposed,183.036378190317,132.99295506029068
A,random_n12_00,min,static,4,reference,reference-proposed,125.63658746922299,91.38605484205677
A,random_n12_00,min,static,8,reference,reference-proposed,83.67261701128034,59.9819561679385
A,random_n12_00,min,static,16,reference,reference-proposed,41.199879011637336,34.095294070374756
A,random_n12_00,min,static,32,reference,reference-proposed,13.733422859219163,14.143779202946575
A,random_n12_00,min,static,64,reference,reference-proposed,5.311315824063421,6.753122399880836
A,random_n12_00,spectrum,high,1,reference,reference-proposed,48.07480930051704,7.971485340667585
A,random_n12_00,spectrum,high,2,reference,reference-proposed,24.04802309177919,3.5678156519354918
A,random_n12_00,spectrum,high,4,reference,reference-proposed,22.974923496981482,2.464424011107405
A,random_n12_00,spectrum,high,8,reference,reference-proposed,18.181088851834897,1.7642244529100626
A,random_n12_00,spectrum,high,16,reference,reference-proposed,15.761504464309688,1.2517890772269662
A,random_n12_00,spectrum,high,32,reference,reference-proposed,10.314906617417812,0.7701922946820361
A,random_n12_00,spectrum,high,64,reference,reference-proposed,10.76893303213715,0.6502905115555122
A,random_n12_00,spectrum,natural,1,reference,reference-proposed,124.6998548169028,8.498596480645775
A,random_n12_00,spectrum,natural,2,reference,reference-proposed,81.90038254643324,3.8754603707823283
A,random_n12_00,spectrum,natural,4,reference,reference-proposed,77.86297146537036,2.5722715747920444
A,random_n12_00,spectrum,natural,8,reference,reference-proposed,81.23861524416682,1.8091308197372156
A,random_n12_00,spectrum,natural,16,reference,reference-proposed,65.50371426385549,1.3924298629350342
A,random_n12_00,spectrum,natural,32,reference,reference-proposed,39.74340324858097,0.8533840026723498
A,random_n12_00,spectrum,natural,64,reference,reference-proposed,30.73401225686906,0.6654202869367684
A,random_n16_00,max,high,1,reference,reference-proposed,33.084359151856255,1.794371110145476
A,random_n16_00,max,high,2,reference,reference-proposed,31.476951958038907,2.0727442183632436
A,random_n16_00,max,high,4,reference,reference-proposed,21.526965606959916,1.7069621730914144
A,random_n16_00,max,high,8,reference,reference-proposed,12.516897522186463,1.3791073894813337
A,random_n16_00,max,high,16,reference,reference-proposed,7.243030763208655,1.2331856759342534
A,random_n16_00,max,high,32,reference,reference-proposed,7.501204962956706,1.2196480040498254
A,random_n16_00,max,high,64,reference,reference-proposed,7.313453434664998,1.2168944308544032
A,random_n16_00,max,natural,1,reference,reference-proposed,3043.1219258746105,1.8300491599929483
A,random_n16_00,max,natural,2,reference,reference-proposed,2859.4195565662308,2.143385418508243
A,random_n16_00,max,natural,4,reference,reference-proposed,1790.170739872782,1.7332783338923192
A,random_n16_00,max,natural,8,reference,reference-proposed,871.1279799247177,1.442899620530755
A,random_n16_00,max,natural,16,reference,reference-proposed,290.535978218592,1.2559193745197317
A,random_n16_00,max,natural,32,reference,reference-proposed,315.5590501978754,1.2604889242023178
A,random_n16_00,max,natural,64,reference,reference-proposed,341.49649122807017,1.2497532636935107
A,random_n16_00,min,static,1,reference,reference-proposed,5502.514347322995,3484.025109515568
A,random_n16_00,min,static,2,reference,reference-proposed,2183.57562977233,1407.3264370810518
A,random_n16_00,min,static,4,reference,reference-proposed,1846.6851773129276,1003.4822508710093
A,random_n16_00,min,static,8,reference,reference-proposed,1351.6367424215482,641.5388990675823
A,random_n16_00,min,static,16,reference,reference-proposed,615.5583696928356,336.4243407098935
A,random_n16_00,min,static,32,reference,reference-proposed,314.2480187266696,170.4400112241796
A,random_n16_00,min,static,64,reference,reference-proposed,156.9011047715284,87.80087761639014
A,random_n16_00,spectrum,high,1,reference,reference-proposed,59.8760597330491,6.355096844793377
A,random_n16_00,spectrum,high,2,reference,reference-proposed,47.45966899464834,3.144972464171372
A,random_n16_00,spectrum,high,4,reference,reference-proposed,28.563940369194864,1.766966200646186
A,random_n16_00,spectrum,high,8,reference,reference-proposed,14.621843434307506,0.9296595254701561
A,random_n16_00,spectrum,high,16,reference,reference-proposed,7.53610061432349,0.4769899852596182
A,random_n16_00,spectrum,high,32,reference,reference-proposed,7.730652822608614,0.2603559212292447
A,random_n16_00,spectrum,high,64,reference,reference-proposed,7.791472420673328,0.13931181401765214
A,random_n16_00,spectrum,natural,1,reference,reference-proposed,2148.974346226682,6.695575808127389
A,random_n16_00,spectrum,natural,2,reference,reference-proposed,1915.1905480657144,3.2546511326899865
A,random_n16_00,spectrum,natural,4,reference,reference-proposed,1945.965207077737,1.8005451310210967
A,random_n16_00,spectrum,natural,8,reference,reference-proposed,1596.586529499904,0.9604917513804943
A,random_n16_00,spectrum,natural,16,reference,reference-proposed,872.3458632432422,0.49245751087955686
A,random_n16_00,spectrum,natural,32,reference,reference-proposed,968.3047478014842,0.26397262895185825
A,random_n16_00,spectrum,natural,64,reference,reference-proposed,862.479004251917,0.13993979049352445
B,AES,max,natural,1,bitwise,proposed,2.968321372395526,2.9238383894558297
B,AES,max,natural,2,bitwise,proposed,2.818910829912169,2.7312377175094205
B,AES,max,natural,4,bitwise,proposed,2.756098203134927,2.675978246480807
B,AES,max,natural,8,bitwise,proposed,2.9947605266746464,2.9511918425982837
B,AES,max,natural,16,bitwise,proposed,3.036906374751157,2.9795971531728247
B,AES,max,natural,32,bitwise,proposed,2.985180448076154,2.9362847295779053
B,AES,max,natural,64,bitwise,proposed,2.9854790308713635,2.90362391654799
B,AES,max,natural,1,peigen,proposed,8.232190994168512,8.087815405768787
B,AES,min,natural,1,bitwise,proposed,1.6884399073064948,1.6780511502739053
B,AES,min,natural,2,bitwise,proposed,1.6056480275739955,1.5749233206543634
B,AES,min,natural,4,bitwise,proposed,1.7308754204579808,1.7169854589532505
B,AES,min,natural,8,bitwise,proposed,1.6035644257888886,1.5711290859600526
B,AES,min,natural,16,bitwise,proposed,1.6891436830560727,1.680105816872365
B,AES,min,natural,32,bitwise,proposed,1.695458072683802,1.6835885081469382
B,AES,min,natural,64,bitwise,proposed,1.6993697664127476,1.6866284171572161
B,AES,min,natural,1,peigen,proposed,1.1932556897628612,1.1956932337742898
B,AES,spectrum,natural,1,bitwise,proposed,1.9170969595934089,1.8950595216816215
B,AES,spectrum,natural,2,bitwise,proposed,2.0548827356905366,2.0534622069423936
B,AES,spectrum,natural,4,bitwise,proposed,1.8198988718304678,1.7964196140112225
B,AES,spectrum,natural,8,bitwise,proposed,1.8266296583977448,1.7575636407970623
B,AES,spectrum,natural,16,bitwise,proposed,1.893925342642497,1.8695331905406027
B,AES,spectrum,natural,32,bitwise,proposed,1.8374392352149092,1.8113254807260022
B,AES,spectrum,natural,64,bitwise,proposed,1.8965755017096975,1.861792167113226
B,AES,spectrum,natural,1,peigen,proposed,2.6530976859148874,2.6263438707207065
B,CLEFIA_S0,max,natural,1,bitwise,proposed,3.1270957392699246,3.0635847375957246
B,CLEFIA_S0,max,natural,2,bitwise,proposed,3.2759387053647697,3.246680613072621
B,CLEFIA_S0,max,natural,4,bitwise,proposed,3.1005731271467414,3.0246019414871705
B,CLEFIA_S0,max,natural,8,bitwise,proposed,3.128666357339343,3.043429129844158
B,CLEFIA_S0,max,natural,16,bitwise,proposed,3.2306205216460504,3.15189861679932
B,CLEFIA_S0,max,natural,32,bitwise,proposed,3.2342368667463113,3.154687971808976
B,CLEFIA_S0,max,natural,64,bitwise,proposed,3.1256793073495333,3.0350046469651284
B,CLEFIA_S0,max,natural,1,peigen,proposed,8.813215331910824,8.639087212628128
B,CLEFIA_S0,min,natural,1,bitwise,proposed,1.9596622939671062,1.9165791893955877
B,CLEFIA_S0,min,natural,2,bitwise,proposed,2.1596276143840267,2.150755922296483
B,CLEFIA_S0,min,natural,4,bitwise,proposed,1.935790617249752,1.9136113601463964
B,CLEFIA_S0,min,natural,8,bitwise,proposed,1.9147763408946363,1.8745920959134639
B,CLEFIA_S0,min,natural,16,bitwise,proposed,1.9972743549427878,1.9481393719277038
B,CLEFIA_S0,min,natural,32,bitwise,proposed,1.998627283829148,1.9799476406154637
B,CLEFIA_S0,min,natural,64,bitwise,proposed,2.0030576505785374,1.9748907404048917
B,CLEFIA_S0,min,natural,1,peigen,proposed,2.2275687578225583,2.175312374130008
B,CLEFIA_S0,spectrum,natural,1,bitwise,proposed,1.894587179576519,1.8631444286414427
B,CLEFIA_S0,spectrum,natural,2,bitwise,proposed,2.081360600928033,2.075008070977409
B,CLEFIA_S0,spectrum,natural,4,bitwise,proposed,1.8698149890666258,1.8416038307125047
B,CLEFIA_S0,spectrum,natural,8,bitwise,proposed,1.8850026508940336,1.8603409165267084
B,CLEFIA_S0,spectrum,natural,16,bitwise,proposed,1.8846680088566683,1.864420490471782
B,CLEFIA_S0,spectrum,natural,32,bitwise,proposed,1.8883441599610398,1.8570440263867258
B,CLEFIA_S0,spectrum,natural,64,bitwise,proposed,1.876380521389943,1.8220038188058618
B,CLEFIA_S0,spectrum,natural,1,peigen,proposed,2.6992079033293837,2.658238196958765
B,CLEFIA_S1,max,natural,1,bitwise,proposed,3.0035169706237475,2.955557673695633
B,CLEFIA_S1,max,natural,2,bitwise,proposed,2.443033439393087,2.348811809288018
B,CLEFIA_S1,max,natural,4,bitwise,proposed,2.4500550219818478,2.3933143625827813
B,CLEFIA_S1,max,natural,8,bitwise,proposed,2.283551888155993,2.2235953815926
B,CLEFIA_S1,max,natural,16,bitwise,proposed,3.0265002381860464,2.9692922723574187
B,CLEFIA_S1,max,natural,32,bitwise,proposed,2.9934631554927837,2.930336070316073
B,CLEFIA_S1,max,natural,64,bitwise,proposed,2.9706049703945614,2.8954321737550806
B,CLEFIA_S1,max,natural,1,peigen,proposed,8.077747207908788,7.904523075311943
B,CLEFIA_S1,min,natural,1,bitwise,proposed,1.5944526333490971,1.5810258814718068
B,CLEFIA_S1,min,natural,2,bitwise,proposed,1.7319055341901888,1.7224652949581094
B,CLEFIA_S1,min,natural,4,bitwise,proposed,1.514776719025387,1.4835299248359854
B,CLEFIA_S1,min,natural,8,bitwise,proposed,1.7327445689887029,1.7240276731386306
B,CLEFIA_S1,min,natural,16,bitwise,proposed,1.6990061784250232,1.6812650581779038
B,CLEFIA_S1,min,natural,32,bitwise,proposed,1.729558934230904,1.7144899021289024
B,CLEFIA_S1,min,natural,64,bitwise,proposed,1.707542744663791,1.6953101173134675
B,CLEFIA_S1,min,natural,1,peigen,proposed,1.0182703140012783,1.0067811916899143
B,CLEFIA_S1,spectrum,natural,1,bitwise,proposed,1.8575177943047578,1.7782091089484087
B,CLEFIA_S1,spectrum,natural,2,bitwise,proposed,1.9372442837176478,1.8951819134800927
B,CLEFIA_S1,spectrum,natural,4,bitwise,proposed,1.9599574637591695,1.9189032405587427
B,CLEFIA_S1,spectrum,natural,8,bitwise,proposed,1.951280990005999,1.9201867392762075
B,CLEFIA_S1,spectrum,natural,16,bitwise,proposed,1.916510316802958,1.8891702244249882
B,CLEFIA_S1,spectrum,natural,32,bitwise,proposed,1.9537260751367012,1.9151439611945118
B,CLEFIA_S1,spectrum,natural,64,bitwise,proposed,1.9390457950691087,1.8957330791481568
B,CLEFIA_S1,spectrum,natural,1,peigen,proposed,2.5278666531800833,2.419249866720684
B,MISTY1_FI_key0000,max,natural,1,bitwise,proposed,30.901640365211733,10.184282973648253
B,MISTY1_FI_key0000,max,natural,2,bitwise,proposed,52.9197805877203,16.434044813023934
B,MISTY1_FI_key0000,max,natural,4,bitwise,proposed,34.06766160522144,12.50858424926335
B,MISTY1_FI_key0000,max,natural,8,bitwise,proposed,24.639204733945572,9.9824611885655
B,MISTY1_FI_key0000,max,natural,16,bitwise,proposed,26.242851050546708,11.03337204595632
B,MISTY1_FI_key0000,max,natural,32,bitwise,proposed,25.86458841451313,10.727946893498915
B,MISTY1_FI_key0000,max,natural,64,bitwise,proposed,24.70262683466086,10.170101616018
B,MISTY1_FI_key0000,min,natural,1,bitwise,proposed,967.1826139868463,819.214084038825
B,MISTY1_FI_key0000,min,natural,2,bitwise,proposed,456.6372524358136,391.99152625515967
B,MISTY1_FI_key0000,min,natural,4,bitwise,proposed,291.60887620225975,242.4149791709635
B,MISTY1_FI_key0000,min,natural,8,bitwise,proposed,168.24998500361315,139.25655594503917
B,MISTY1_FI_key0000,min,natural,16,bitwise,proposed,91.82388763566819,76.53597967374894
B,MISTY1_FI_key0000,min,natural,32,bitwise,proposed,56.15624994356133,44.177607803601326
B,MISTY1_FI_key0000,min,natural,64,bitwise,proposed,33.617570082380134,27.335168445472227
B,MISTY1_FI_key0000,spectrum,natural,1,bitwise,proposed,4.256326296451715,2.0472207894909387
B,MISTY1_FI_key0000,spectrum,natural,2,bitwise,proposed,5.486128576679222,2.182515073790222
B,MISTY1_FI_key0000,spectrum,natural,4,bitwise,proposed,4.6726981537149435,1.8530637633200495
B,MISTY1_FI_key0000,spectrum,natural,8,bitwise,proposed,2.8191502981683048,1.3176255785827438
B,MISTY1_FI_key0000,spectrum,natural,16,bitwise,proposed,1.6827487360867015,0.8956682108256573
B,MISTY1_FI_key0000,spectrum,natural,32,bitwise,proposed,4.372387101346596,1.3902306283252839
B,MISTY1_FI_key0000,spectrum,natural,64,bitwise,proposed,9.79670890352622,1.8333624355720197
B,MISTY1_S9,max,natural,1,bitwise,proposed,4.8266141266793126,4.64146651788625
B,MISTY1_S9,max,natural,2,bitwise,proposed,4.929875530153009,4.756845462781217
B,MISTY1_S9,max,natural,4,bitwise,proposed,3.9375830370360996,3.7291607041102317
B,MISTY1_S9,max,natural,8,bitwise,proposed,3.7740002878176298,3.6018855315914986
B,MISTY1_S9,max,natural,16,bitwise,proposed,4.812094429266902,4.623758832365868
B,MISTY1_S9,max,natural,32,bitwise,proposed,4.82867922898586,4.638887645729374
B,MISTY1_S9,max,natural,64,bitwise,proposed,4.871721542803386,4.595936109618288
B,MISTY1_S9,min,natural,1,bitwise,proposed,20.759705106983017,20.399983804340437
B,MISTY1_S9,min,natural,2,bitwise,proposed,19.489966701844168,18.634840292325183
B,MISTY1_S9,min,natural,4,bitwise,proposed,17.466571027738997,16.922047440821046
B,MISTY1_S9,min,natural,8,bitwise,proposed,20.571678837500922,20.23093190920161
B,MISTY1_S9,min,natural,16,bitwise,proposed,20.767430429134077,20.326767403134436
B,MISTY1_S9,min,natural,32,bitwise,proposed,20.894046885592477,20.46919871005711
B,MISTY1_S9,min,natural,64,bitwise,proposed,20.93027215594321,20.24992403868373
B,MISTY1_S9,spectrum,natural,1,bitwise,proposed,2.311704634939329,2.034920787336693
B,MISTY1_S9,spectrum,natural,2,bitwise,proposed,2.3239358113468387,1.880320143681811
B,MISTY1_S9,spectrum,natural,4,bitwise,proposed,2.0474603603801116,1.509076027705258
B,MISTY1_S9,spectrum,natural,8,bitwise,proposed,2.3027190971706877,2.0392497683342543
B,MISTY1_S9,spectrum,natural,16,bitwise,proposed,2.309685085992796,2.019044279977868
B,MISTY1_S9,spectrum,natural,32,bitwise,proposed,2.3338359368006447,2.0294934542644825
B,MISTY1_S9,spectrum,natural,64,bitwise,proposed,2.270428861987579,1.9966160997998028
B,PRESENT,max,natural,1,bitwise,proposed,1.2501013836696768,1.2360369032716902
B,PRESENT,max,natural,2,bitwise,proposed,1.461608652044777,1.4567890717179162
B,PRESENT,max,natural,4,bitwise,proposed,1.430625700234895,1.420833728730821
B,PRESENT,max,natural,8,bitwise,proposed,1.5218714825446962,1.5167108616017366
B,PRESENT,max,natural,16,bitwise,proposed,1.4479773156094673,1.4451154488252345
B,PRESENT,max,natural,32,bitwise,proposed,1.4877098055342128,1.4826485716386435
B,PRESENT,max,natural,64,bitwise,proposed,1.4734489546272926,1.4606617720460209
B,PRESENT,max,natural,1,peigen,proposed,1.6590698334378446,1.6478654183586054
B,PRESENT,min,natural,1,bitwise,proposed,1.1888316963086902,1.1871077461134918
B,PRESENT,min,natural,2,bitwise,proposed,1.0607062804713188,1.0523866814240703
B,PRESENT,min,natural,4,bitwise,proposed,1.0195769975767937,1.0205058781175769
B,PRESENT,min,natural,8,bitwise,proposed,1.1954733589614854,1.193069517084728
B,PRESENT,min,natural,16,bitwise,proposed,1.179423010575848,1.1744540034602766
B,PRESENT,min,natural,32,bitwise,proposed,1.1634827817835192,1.1616826498341932
B,PRESENT,min,natural,64,bitwise,proposed,1.1787293746064167,1.1786313320916049
B,PRESENT,min,natural,1,peigen,proposed,0.30752405205083644,0.31358806915823606
B,PRESENT,spectrum,natural,1,bitwise,proposed,1.1437650509943036,1.1430626051434274
B,PRESENT,spectrum,natural,2,bitwise,proposed,1.0398090098739856,1.0290608704346056
B,PRESENT,spectrum,natural,4,bitwise,proposed,1.1483949781317875,1.1548881567061424
B,PRESENT,spectrum,natural,8,bitwise,proposed,1.1316050467144416,1.131647690090342
B,PRESENT,spectrum,natural,16,bitwise,proposed,1.133920697877658,1.1340062645444458
B,PRESENT,spectrum,natural,32,bitwise,proposed,1.13486951814395,1.1346464789174595
B,PRESENT,spectrum,natural,64,bitwise,proposed,1.1474091563027906,1.148127129951052
B,PRESENT,spectrum,natural,1,peigen,proposed,0.4780654223372032,0.48070122026074785
B,random_n08_00,max,natural,1,bitwise,proposed,3.15890660207036,3.100830116447949
B,random_n08_00,max,natural,2,bitwise,proposed,2.395804823283306,2.3471637368556544
B,random_n08_00,max,natural,4,bitwise,proposed,3.169419284398968,3.0128235117708804
B,random_n08_00,max,natural,8,bitwise,proposed,3.314681302116692,3.1998128734243427
B,random_n08_00,max,natural,16,bitwise,proposed,3.1334873542357293,3.045226336325684
B,random_n08_00,max,natural,32,bitwise,proposed,3.1906988476324383,3.092699684998894
B,random_n08_00,max,natural,64,bitwise,proposed,3.1890036646215,3.0913680779354604
B,random_n08_00,max,natural,1,peigen,proposed,8.624015670972216,8.429935398134333
B,random_n08_00,min,natural,1,bitwise,proposed,1.717445231790159,1.7029783803604734
B,random_n08_00,min,natural,2,bitwise,proposed,1.7133500426967536,1.7028830976387592
B,random_n08_00,min,natural,4,bitwise,proposed,1.806616902729884,1.7867880928427538
B,random_n08_00,min,natural,8,bitwise,proposed,1.6812552725460488,1.673901577853284
B,random_n08_00,min,natural,16,bitwise,proposed,1.7304123773694462,1.718959628081016
B,random_n08_00,min,natural,32,bitwise,proposed,1.7243427117378618,1.7085699317166152
B,random_n08_00,min,natural,64,bitwise,proposed,1.6926869163971263,1.6772784134809964
B,random_n08_00,min,natural,1,peigen,proposed,1.1883358485909812,1.1896033191491742
B,random_n08_00,spectrum,natural,1,bitwise,proposed,1.9276945001704184,1.8956967467974344
B,random_n08_00,spectrum,natural,2,bitwise,proposed,1.7793533475166128,1.7031658301930424
B,random_n08_00,spectrum,natural,4,bitwise,proposed,1.6703648520866128,1.6218338493346858
B,random_n08_00,spectrum,natural,8,bitwise,proposed,1.9070753346211047,1.8757359574503412
B,random_n08_00,spectrum,natural,16,bitwise,proposed,1.8950298452506023,1.8618624909441637
B,random_n08_00,spectrum,natural,32,bitwise,proposed,1.9251136364935155,1.8884712540045312
B,random_n08_00,spectrum,natural,64,bitwise,proposed,1.9215066329933699,1.8755419207275466
B,random_n08_00,spectrum,natural,1,peigen,proposed,2.756454480263598,2.7039907420788425
B,random_n08_01,max,natural,1,bitwise,proposed,3.3298875965269668,3.263771451771065
B,random_n08_01,max,natural,2,bitwise,proposed,3.0391823863922895,3.0100353110297586
B,random_n08_01,max,natural,4,bitwise,proposed,3.4752745807244416,3.3726982135436963
B,random_n08_01,max,natural,8,bitwise,proposed,3.358621812925424,3.297279298275765
B,random_n08_01,max,natural,16,bitwise,proposed,3.358394338206964,3.2847486540319877
B,random_n08_01,max,natural,32,bitwise,proposed,3.357714160655213,3.262553219043919
B,random_n08_01,max,natural,64,bitwise,proposed,3.3639904936584837,3.2589560672640077
B,random_n08_01,max,natural,1,peigen,proposed,9.278944610412697,9.060314612333366
B,random_n08_01,min,natural,1,bitwise,proposed,1.679195524372286,1.6703220014253584
B,random_n08_01,min,natural,2,bitwise,proposed,1.5842492382053168,1.5695945365580957
B,random_n08_01,min,natural,4,bitwise,proposed,1.5698597540730062,1.5558708759527107
B,random_n08_01,min,natural,8,bitwise,proposed,1.708323851352889,1.684406385002943
B,random_n08_01,min,natural,16,bitwise,proposed,1.70490240400712,1.6954278718833689
B,random_n08_01,min,natural,32,bitwise,proposed,1.6940455718172658,1.67877989513197
B,random_n08_01,min,natural,64,bitwise,proposed,1.6962888149969957,1.6887145772352468
B,random_n08_01,min,natural,1,peigen,proposed,1.1951483194973311,1.1940878805613042
B,random_n08_01,spectrum,natural,1,bitwise,proposed,1.8863514182123098,1.8511063814373354
B,random_n08_01,spectrum,natural,2,bitwise,proposed,1.933278647702471,1.8512311215937831
B,random_n08_01,spectrum,natural,4,bitwise,proposed,1.6645419322584676,1.6218996921674744
B,random_n08_01,spectrum,natural,8,bitwise,proposed,1.904736161279474,1.876182506226069
B,random_n08_01,spectrum,natural,16,bitwise,proposed,1.9068801156497686,1.861261075374557
B,random_n08_01,spectrum,natural,32,bitwise,proposed,1.8630292103944959,1.8267029185185344
B,random_n08_01,spectrum,natural,64,bitwise,proposed,1.9175959615638054,1.883249849839921
B,random_n08_01,spectrum,natural,1,peigen,proposed,2.7110457928115057,2.645088597229738
B,random_n12_00,max,natural,1,bitwise,proposed,11.51101155662255,8.91918571065462
B,random_n12_00,max,natural,2,bitwise,proposed,11.278774159312665,8.346221964415292
B,random_n12_00,max,natural,4,bitwise,proposed,11.174073416512593,8.66251611613268
B,random_n12_00,max,natural,8,bitwise,proposed,11.385679824224452,8.953034124247258
B,random_n12_00,max,natural,16,bitwise,proposed,10.91069631731149,8.573164455626715
B,random_n12_00,max,natural,32,bitwise,proposed,10.350073159972888,7.889802860609919
B,random_n12_00,max,natural,64,bitwise,proposed,10.163343283582089,7.721511980689377
B,random_n12_00,min,natural,1,bitwise,proposed,3.6431727797104005,3.5042397066959876
B,random_n12_00,min,natural,2,bitwise,proposed,4.652242012750276,4.472452098279556
B,random_n12_00,min,natural,4,bitwise,proposed,4.459388453584972,4.27456415270991
B,random_n12_00,min,natural,8,bitwise,proposed,3.552436892105075,3.381151046485241
B,random_n12_00,min,natural,16,bitwise,proposed,5.852974402438055,5.6387289797379525
B,random_n12_00,min,natural,32,bitwise,proposed,28.21624912132145,26.69386682322126
B,random_n12_00,min,natural,64,bitwise,proposed,80.81310074583209,75.00815551199072
B,random_n12_00,spectrum,natural,1,bitwise,proposed,3.1476603625411816,2.5462345195343965
B,random_n12_00,spectrum,natural,2,bitwise,proposed,4.284257932315162,3.5639723016337985
B,random_n12_00,spectrum,natural,4,bitwise,proposed,3.850422354205957,3.0913304362689105
B,random_n12_00,spectrum,natural,8,bitwise,proposed,4.856403840801618,3.8105448374413493
B,random_n12_00,spectrum,natural,16,bitwise,proposed,1.55805337412985,1.3186907972888655
B,random_n12_00,spectrum,natural,32,bitwise,proposed,1.1257032750927987,1.052553422176561
B,random_n12_00,spectrum,natural,64,bitwise,proposed,1.1208378707880038,1.0644334007580418
B,random_n12_01,max,natural,1,bitwise,proposed,10.789119772620925,8.461635585993536
B,random_n12_01,max,natural,2,bitwise,proposed,10.531843056422465,7.799316678227919
B,random_n12_01,max,natural,4,bitwise,proposed,10.28736318955904,7.812819318993078
B,random_n12_01,max,natural,8,bitwise,proposed,10.889049903832843,8.659229675667302
B,random_n12_01,max,natural,16,bitwise,proposed,10.316455041153944,8.180170417340477
B,random_n12_01,max,natural,32,bitwise,proposed,10.00419996438933,7.856224435974244
B,random_n12_01,max,natural,64,bitwise,proposed,9.41769268816426,7.358264257611062
B,random_n12_01,min,natural,1,bitwise,proposed,3.6885676919482417,3.548457120827176
B,random_n12_01,min,natural,2,bitwise,proposed,4.689098918893509,4.436719084619571
B,random_n12_01,min,natural,4,bitwise,proposed,4.496465156394573,4.231615133414723
B,random_n12_01,min,natural,8,bitwise,proposed,3.585696353547791,3.389762678838069
B,random_n12_01,min,natural,16,bitwise,proposed,5.830275329073446,5.5345026596388704
B,random_n12_01,min,natural,32,bitwise,proposed,28.08897793833422,26.337426794640482
B,random_n12_01,min,natural,64,bitwise,proposed,80.0743662615643,74.6438698272173
B,random_n12_01,spectrum,natural,1,bitwise,proposed,3.099220603563958,2.516908799190488
B,random_n12_01,spectrum,natural,2,bitwise,proposed,4.200815448603808,3.532121558509103
B,random_n12_01,spectrum,natural,4,bitwise,proposed,3.793868293873081,3.094996809120042
B,random_n12_01,spectrum,natural,8,bitwise,proposed,4.928173472130359,3.8186117691138817
B,random_n12_01,spectrum,natural,16,bitwise,proposed,1.5940518487426476,1.3220884845765952
B,random_n12_01,spectrum,natural,32,bitwise,proposed,1.1499836220955733,1.0464536959812845
B,random_n12_01,spectrum,natural,64,bitwise,proposed,1.1032977050148731,1.0628826662437239
B,random_n16_00,max,natural,1,bitwise,proposed,33.013660153636465,12.525868377604603
B,random_n16_00,max,natural,2,bitwise,proposed,52.86478611311861,18.655262727852516
B,random_n16_00,max,natural,4,bitwise,proposed,34.28314303122452,14.924109293867128
B,random_n16_00,max,natural,8,bitwise,proposed,25.57370703575548,12.432538676513134
B,random_n16_00,max,natural,16,bitwise,proposed,25.94908550228805,13.454930156286963
B,random_n16_00,max,natural,32,bitwise,proposed,24.81185159657794,12.833244014130804
B,random_n16_00,max,natural,64,bitwise,proposed,24.34397779592061,12.465436528132374
B,random_n16_00,min,natural,1,bitwise,proposed,27.89508441783567,20.111704184197645
B,random_n16_00,min,natural,2,bitwise,proposed,19.15858438026476,18.90236533007625
B,random_n16_00,min,natural,4,bitwise,proposed,33.91341219807206,21.99997040579042
B,random_n16_00,min,natural,8,bitwise,proposed,36.23537690306181,16.800374898264526
B,random_n16_00,min,natural,16,bitwise,proposed,28.399379269459825,10.944418839604255
B,random_n16_00,min,natural,32,bitwise,proposed,16.86935554581324,6.922108854247972
B,random_n16_00,min,natural,64,bitwise,proposed,19.278699115469998,8.030599730567593
B,random_n16_00,spectrum,natural,1,bitwise,proposed,2.6262618198510927,2.1397699470533627
B,random_n16_00,spectrum,natural,2,bitwise,proposed,4.076523155639428,2.8408867697303557
B,random_n16_00,spectrum,natural,4,bitwise,proposed,3.5294809338599014,2.1010131913527528
B,random_n16_00,spectrum,natural,8,bitwise,proposed,2.178032568117326,1.1974549346940446
B,random_n16_00,spectrum,natural,16,bitwise,proposed,1.4038510478443678,0.7498961468571247
B,random_n16_00,spectrum,natural,32,bitwise,proposed,3.6998771845609038,1.2816189172892818
B,random_n16_00,spectrum,natural,64,bitwise,proposed,8.659609562244627,1.8558783294541723
B,random_n16_01,max,natural,1,bitwise,proposed,31.345684539293345,12.40803667143845
B,random_n16_01,max,natural,2,bitwise,proposed,50.83680960061803,18.323940948464642
B,random_n16_01,max,natural,4,bitwise,proposed,31.815677307583417,14.296215247944735
B,random_n16_01,max,natural,8,bitwise,proposed,24.07521147304854,12.028133678252685
B,random_n16_01,max,natural,16,bitwise,proposed,24.568102308948145,12.96364370315244
B,random_n16_01,max,natural,32,bitwise,proposed,23.86600998176682,12.64077228765335
B,random_n16_01,max,natural,64,bitwise,proposed,22.82280849808818,12.125254767055415
B,random_n16_01,min,natural,1,bitwise,proposed,28.013591354339145,19.97443912076344
B,random_n16_01,min,natural,2,bitwise,proposed,19.22746594676779,18.92334606780587
B,random_n16_01,min,natural,4,bitwise,proposed,34.21230380387485,22.299293770393767
B,random_n16_01,min,natural,8,bitwise,proposed,36.2975095288187,16.838540124506892
B,random_n16_01,min,natural,16,bitwise,proposed,28.579606530580474,10.995666124460124
B,random_n16_01,min,natural,32,bitwise,proposed,16.730080680485496,7.135699411437793
B,random_n16_01,min,natural,64,bitwise,proposed,19.051204534056275,8.24864087463421
B,random_n16_01,spectrum,natural,1,bitwise,proposed,2.5121661249823246,2.0686586226855073
B,random_n16_01,spectrum,natural,2,bitwise,proposed,3.8024625213833483,2.708264496716886
B,random_n16_01,spectrum,natural,4,bitwise,proposed,3.2576057553833615,2.0003424273184955
B,random_n16_01,spectrum,natural,8,bitwise,proposed,2.0201008150237016,1.1515533068867745
B,random_n16_01,spectrum,natural,16,bitwise,proposed,1.2846368556275132,0.7124097815361076
B,random_n16_01,spectrum,natural,32,bitwise,proposed,3.361282845468561,1.249208712967942
B,random_n16_01,spectrum,natural,64,bitwise,proposed,7.822209840115137,1.8149820851003622
search,AES,max,natural,1,bitwise,proposed,2.586534961175507,2.579565058910727
search,AES,max,natural,8,bitwise,proposed,2.6240360510716423,2.614216255977413
search,AES,max,natural,32,bitwise,proposed,2.5825233193106385,2.572243257621744
search,AES,max,natural,1,peigen,proposed,7.007851974647134,6.9823816674528185
search,AES,min,natural,1,bitwise,proposed,4.541812054059031,4.538099208418938
search,AES,min,natural,8,bitwise,proposed,4.541015189800412,4.532005559722246
search,AES,min,natural,32,bitwise,proposed,4.608112808151715,4.601280840690197
search,AES,min,natural,1,peigen,proposed,6.576222420688541,6.570412889629185
search,AES,spectrum,natural,1,bitwise,proposed,1.5932471214881232,1.59247374238307
search,AES,spectrum,natural,8,bitwise,proposed,1.638906605497481,1.6382170928916595
search,AES,spectrum,natural,32,bitwise,proposed,1.6253861503810494,1.62489917742343
search,AES,spectrum,natural,1,peigen,proposed,2.2143333057466856,2.2132747413639815
search,CLEFIA_S0,max,natural,1,bitwise,proposed,3.037312761934183,3.027035121709966
search,CLEFIA_S0,max,natural,8,bitwise,proposed,3.163285190331844,3.1367620773904332
search,CLEFIA_S0,max,natural,32,bitwise,proposed,3.080693760968223,3.066092984813983
search,CLEFIA_S0,max,natural,1,peigen,proposed,8.201145843263653,8.170763979420103
search,CLEFIA_S0,min,natural,1,bitwise,proposed,4.866626156908554,4.857869293591284
search,CLEFIA_S0,min,natural,8,bitwise,proposed,4.845402004054377,4.841863923364453
search,CLEFIA_S0,min,natural,32,bitwise,proposed,4.934605491936526,4.928877987961818
search,CLEFIA_S0,min,natural,1,peigen,proposed,8.602371459253698,8.595178046926128
search,CLEFIA_S0,spectrum,natural,1,bitwise,proposed,1.5443350083219975,1.5432569561102165
search,CLEFIA_S0,spectrum,natural,8,bitwise,proposed,1.533728095793527,1.5338144483076999
search,CLEFIA_S0,spectrum,natural,32,bitwise,proposed,1.5529661445772835,1.5526006722989822
search,CLEFIA_S0,spectrum,natural,1,peigen,proposed,2.113010789881575,2.1115080416530634
search,CLEFIA_S1,max,natural,1,bitwise,proposed,2.5673364437397304,2.5598362061630673
search,CLEFIA_S1,max,natural,8,bitwise,proposed,2.633839401990671,2.6324456633868283
search,CLEFIA_S1,max,natural,32,bitwise,proposed,2.5741794193189254,2.5636957075926508
search,CLEFIA_S1,max,natural,1,peigen,proposed,7.206236666148175,7.184362338212166
search,CLEFIA_S1,min,natural,1,bitwise,proposed,4.961393319539749,4.957977052788676
search,CLEFIA_S1,min,natural,8,bitwise,proposed,4.92516192691595,4.914663510184237
search,CLEFIA_S1,min,natural,32,bitwise,proposed,4.975310481245351,4.968659812729172
search,CLEFIA_S1,min,natural,1,peigen,proposed,6.131806259842593,6.125139238004869
search,CLEFIA_S1,spectrum,natural,1,bitwise,proposed,1.6780762399868332,1.6775566074343056
search,CLEFIA_S1,spectrum,natural,8,bitwise,proposed,1.6677280351641741,1.6668369392900622
search,CLEFIA_S1,spectrum,natural,32,bitwise,proposed,1.6977535750266446,1.6971939522486597
search,CLEFIA_S1,spectrum,natural,1,peigen,proposed,2.063092476016002,2.063058623539033
search,identity_n08,max,natural,1,bitwise,proposed,5.503543844053591,5.456183713078006
search,identity_n08,max,natural,8,bitwise,proposed,5.504189905061457,5.477406767389388
search,identity_n08,max,natural,32,bitwise,proposed,5.50412527037245,5.4476372442114
search,identity_n08,max,natural,1,peigen,proposed,23.137205917836052,22.90858380295602
search,identity_n08,min,natural,1,bitwise,proposed,2.9465237324530973,2.9457843867800473
search,identity_n08,min,natural,8,bitwise,proposed,2.996420360248396,2.9947897293303947
search,identity_n08,min,natural,32,bitwise,proposed,2.9544250439460886,2.9533169896941045
search,identity_n08,min,natural,1,peigen,proposed,17.158969194775693,17.15301749450737
search,identity_n08,spectrum,natural,1,bitwise,proposed,1.8268069934953257,1.8261812961418338
search,identity_n08,spectrum,natural,8,bitwise,proposed,1.8660199093098886,1.8653714187362023
search,identity_n08,spectrum,natural,32,bitwise,proposed,1.82423423446394,1.8234077757758937
search,identity_n08,spectrum,natural,1,peigen,proposed,2.231358520801813,2.231537034004279
search,random_n08_00,max,natural,1,bitwise,proposed,2.5960544745557224,2.5889199650988406
search,random_n08_00,max,natural,8,bitwise,proposed,2.496196069874641,2.4810479950078537
search,random_n08_00,max,natural,32,bitwise,proposed,2.6145668505561233,2.604509855673964
search,random_n08_00,max,natural,1,peigen,proposed,7.199901833920842,7.172999587837022
search,random_n08_00,min,natural,1,bitwise,proposed,4.693407668682503,4.690374814882092
search,random_n08_00,min,natural,8,bitwise,proposed,4.722022401236637,4.717800447785634
search,random_n08_00,min,natural,32,bitwise,proposed,4.732841159971993,4.727057341836084
search,random_n08_00,min,natural,1,peigen,proposed,6.234025497769228,6.228178891623347
search,random_n08_00,spectrum,natural,1,bitwise,proposed,1.6066517753106875,1.6061782880924873
search,random_n08_00,spectrum,natural,8,bitwise,proposed,1.52081456612274,1.5197303631448777
search,random_n08_00,spectrum,natural,32,bitwise,proposed,1.5668399973720062,1.5664444210989084
search,random_n08_00,spectrum,natural,1,peigen,proposed,2.0749722656780456,2.0744808983355263
search,random_n08_01,max,natural,1,bitwise,proposed,2.4979142304045006,2.4897740414009064
search,random_n08_01,max,natural,8,bitwise,proposed,2.5308717096363513,2.52935644676937
search,random_n08_01,max,natural,32,bitwise,proposed,2.5037641342258863,2.494925542284068
search,random_n08_01,max,natural,1,peigen,proposed,6.814583124388717,6.7854498196965105
search,random_n08_01,min,natural,1,bitwise,proposed,4.553620716339644,4.549334188856229
search,random_n08_01,min,natural,8,bitwise,proposed,4.469388797032421,4.4673425290800175
search,random_n08_01,min,natural,32,bitwise,proposed,4.566230147604848,4.560575802911091
search,random_n08_01,min,natural,1,peigen,proposed,6.505722061207179,6.5017014551211165
search,random_n08_01,spectrum,natural,1,bitwise,proposed,1.5624510656715318,1.5625112658308704
search,random_n08_01,spectrum,natural,8,bitwise,proposed,1.5360888526401928,1.5361900760346194
search,random_n08_01,spectrum,natural,32,bitwise,proposed,1.5632456082671327,1.562623599462479
search,random_n08_01,spectrum,natural,1,peigen,proposed,2.1825495240151325,2.1819442770735447
search,random_n08_02,max,natural,1,bitwise,proposed,2.4390687805260587,2.4326954283994104
search,random_n08_02,max,natural,8,bitwise,proposed,2.4262933270295317,2.422314952031823
search,random_n08_02,max,natural,32,bitwise,proposed,2.4622372637151897,2.4533365462863133
search,random_n08_02,max,natural,1,peigen,proposed,6.673664060210521,6.650408061803486
search,random_n08_02,min,natural,1,bitwise,proposed,4.664066997226032,4.660626985852989
search,random_n08_02,min,natural,8,bitwise,proposed,4.571237113979529,4.5640807230985025
search,random_n08_02,min,natural,32,bitwise,proposed,4.647921673781004,4.642537467553266
search,random_n08_02,min,natural,1,peigen,proposed,6.578108552676526,6.573697267734027
search,random_n08_02,spectrum,natural,1,bitwise,proposed,1.5850204448276441,1.5845220425160187
search,random_n08_02,spectrum,natural,8,bitwise,proposed,1.589381162378826,1.5894869074771614
search,random_n08_02,spectrum,natural,32,bitwise,proposed,1.5669284961652525,1.566491662049752
search,random_n08_02,spectrum,natural,1,peigen,proposed,2.182189014304575,2.1816961387468687
search,random_n08_03,max,natural,1,bitwise,proposed,2.4300622702889223,2.4224328628887544
search,random_n08_03,max,natural,8,bitwise,proposed,2.394959550469516,2.3831729940664492
search,random_n08_03,max,natural,32,bitwise,proposed,2.409298847640498,2.4003718951790294
search,random_n08_03,max,natural,1,peigen,proposed,6.638478596736748,6.61221198588895
search,random_n08_03,min,natural,1,bitwise,proposed,4.582252189947139,4.578518290545523
search,random_n08_03,min,natural,8,bitwise,proposed,4.577461530873033,4.568666563300618
search,random_n08_03,min,natural,32,bitwise,proposed,4.571527352958095,4.5661915051438005
search,random_n08_03,min,natural,1,peigen,proposed,6.500125580733334,6.4955853323779005
search,random_n08_03,spectrum,natural,1,bitwise,proposed,1.5481150164628303,1.547689887749285
search,random_n08_03,spectrum,natural,8,bitwise,proposed,1.5411805976228845,1.5400870916299618
search,random_n08_03,spectrum,natural,32,bitwise,proposed,1.5613242444999422,1.5609214726633838
search,random_n08_03,spectrum,natural,1,peigen,proposed,2.1649952220349094,2.164549865987268
search,random_n08_04,max,natural,1,bitwise,proposed,2.464568492788092,2.4581267794823676
search,random_n08_04,max,natural,8,bitwise,proposed,2.4693186307099113,2.451809148257229
search,random_n08_04,max,natural,32,bitwise,proposed,2.4662447202903026,2.458121044029772
search,random_n08_04,max,natural,1,peigen,proposed,6.785549113170993,6.760785496663678
search,random_n08_04,min,natural,1,bitwise,proposed,4.633998086529175,4.628872951264514
search,random_n08_04,min,natural,8,bitwise,proposed,4.5797393885831195,4.577791420104407
search,random_n08_04,min,natural,32,bitwise,proposed,4.626745213913572,4.621056526333721
search,random_n08_04,min,natural,1,peigen,proposed,6.31241409343912,6.306813494662305
search,random_n08_04,spectrum,natural,1,bitwise,proposed,1.5404796899665913,1.5401639807419907
search,random_n08_04,spectrum,natural,8,bitwise,proposed,1.55909334033272,1.558783796434866
search,random_n08_04,spectrum,natural,32,bitwise,proposed,1.5629009494513275,1.562591735939192
search,random_n08_04,spectrum,natural,1,peigen,proposed,2.083593994285503,2.0830546220483854
search,random_n08_05,max,natural,1,bitwise,proposed,2.5006390281631368,2.4947828501662754
search,random_n08_05,max,natural,8,bitwise,proposed,2.517643683210722,2.51615224770583
search,random_n08_05,max,natural,32,bitwise,proposed,2.488674206998395,2.4795133112561447
search,random_n08_05,max,natural,1,peigen,proposed,6.912609325221404,6.893458782562801
search,random_n08_05,min,natural,1,bitwise,proposed,4.752522294043009,4.749806575488558
search,random_n08_05,min,natural,8,bitwise,proposed,4.626866142755514,4.618318795381659
search,random_n08_05,min,natural,32,bitwise,proposed,4.713437386196789,4.707616252109252
search,random_n08_05,min,natural,1,peigen,proposed,6.566677461348061,6.55971442515113
search,random_n08_05,spectrum,natural,1,bitwise,proposed,1.5375957915644152,1.5376328919286057
search,random_n08_05,spectrum,natural,8,bitwise,proposed,1.5465245398431087,1.5453870470396758
search,random_n08_05,spectrum,natural,32,bitwise,proposed,1.5442422210714126,1.5438213515379602
search,random_n08_05,spectrum,natural,1,peigen,proposed,2.143890420914625,2.1434538829231666
search,random_n08_06,max,natural,1,bitwise,proposed,2.4193637449683685,2.413085697351868
search,random_n08_06,max,natural,8,bitwise,proposed,2.3796401648180168,2.368467802528334
search,random_n08_06,max,natural,32,bitwise,proposed,2.40239433921758,2.3944222749227233
search,random_n08_06,max,natural,1,peigen,proposed,6.63179428806907,6.608473376759992
search,random_n08_06,min,natural,1,bitwise,proposed,4.665205492926878,4.662868888839225
search,random_n08_06,min,natural,8,bitwise,proposed,4.670387451427965,4.661233739909607
search,random_n08_06,min,natural,32,bitwise,proposed,4.7177188466633,4.7118202467526675
search,random_n08_06,min,natural,1,peigen,proposed,6.338737294286791,6.333490816667828
search,random_n08_06,spectrum,natural,1,bitwise,proposed,1.609139380111993,1.6080154459489628
search,random_n08_06,spectrum,natural,8,bitwise,proposed,1.6129737649571885,1.6130612337236991
search,random_n08_06,spectrum,natural,32,bitwise,proposed,1.6176294064821006,1.61736259970444
search,random_n08_06,spectrum,natural,1,peigen,proposed,2.1109467688588297,2.110348433399802
search,random_n08_07,max,natural,1,bitwise,proposed,2.476448713296499,2.469727384194057
search,random_n08_07,max,natural,8,bitwise,proposed,2.4773511812798272,2.472005081014552
search,random_n08_07,max,natural,32,bitwise,proposed,2.485574480107514,2.475584533611001
search,random_n08_07,max,natural,1,peigen,proposed,6.775241905913685,6.749693507009707
search,random_n08_07,min,natural,1,bitwise,proposed,4.7102358605437376,4.706091076154989
search,random_n08_07,min,natural,8,bitwise,proposed,4.703234765002861,4.695972075421961
search,random_n08_07,min,natural,32,bitwise,proposed,4.720019698102367,4.714246471167165
search,random_n08_07,min,natural,1,peigen,proposed,6.5470682718990245,6.539937373430198
search,random_n08_07,spectrum,natural,1,bitwise,proposed,1.6244060506033362,1.6231714437569063
search,random_n08_07,spectrum,natural,8,bitwise,proposed,1.6527634068563726,1.6517422689809094
search,random_n08_07,spectrum,natural,32,bitwise,proposed,1.6508130305705084,1.650316918019534
search,random_n08_07,spectrum,natural,1,peigen,proposed,2.2150178584296194,2.2133208377172964
search,random_n08_08,max,natural,1,bitwise,proposed,2.4543035407884735,2.4480383026149117
search,random_n08_08,max,natural,8,bitwise,proposed,2.44528029951965,2.4398010127257828
search,random_n08_08,max,natural,32,bitwise,proposed,2.456988663468784,2.434505760837521
search,random_n08_08,max,natural,1,peigen,proposed,6.715895475996268,6.691248694698704
search,random_n08_08,min,natural,1,bitwise,proposed,4.640369942179252,4.6356050199305034
search,random_n08_08,min,natural,8,bitwise,proposed,4.672644850067146,4.667221197990991
search,random_n08_08,min,natural,32,bitwise,proposed,4.679440470779683,4.673013860754218
search,random_n08_08,min,natural,1,peigen,proposed,6.437781146802336,6.432811527789935
search,random_n08_08,spectrum,natural,1,bitwise,proposed,1.6274112822397397,1.626931215873567
search,random_n08_08,spectrum,natural,8,bitwise,proposed,1.6160973954773168,1.6156536247324276
search,random_n08_08,spectrum,natural,32,bitwise,proposed,1.6082683754115743,1.6077720494497458
search,random_n08_08,spectrum,natural,1,peigen,proposed,2.2627473216538805,2.262233172982404
search,random_n08_09,max,natural,1,bitwise,proposed,2.3431551761478753,2.33711232826587
search,random_n08_09,max,natural,8,bitwise,proposed,2.3547636995458396,2.349843125680573
search,random_n08_09,max,natural,32,bitwise,proposed,2.366682815915221,2.3584564750482837
search,random_n08_09,max,natural,1,peigen,proposed,6.487268415000516,6.462874722467542
search,random_n08_09,min,natural,1,bitwise,proposed,4.597914641286885,4.594997576585218
search,random_n08_09,min,natural,8,bitwise,proposed,4.572934738470851,4.565432309538595
search,random_n08_09,min,natural,32,bitwise,proposed,4.713218201161051,4.707025325740736
search,random_n08_09,min,natural,1,peigen,proposed,6.903536269045283,6.896806340968017
search,random_n08_09,spectrum,natural,1,bitwise,proposed,1.5647055547848283,1.5635675527415716
search,random_n08_09,spectrum,natural,8,bitwise,proposed,1.5522986848918714,1.5523442493005115
search,random_n08_09,spectrum,natural,32,bitwise,proposed,1.5618988363374755,1.5614199150881019
search,random_n08_09,spectrum,natural,1,peigen,proposed,2.282830261992158,2.2822902897777255
